benchmark,chi_opt_si_re,chi_opt_si_im,lam_ref_nm,I_source_max_wcm2,I_at_1pct_dImEff_wcm2,I_perturbation_limit_wcm2,note
Hache1988_ps_SPR,1.2123247523816748e-16,6.875435327654731e-16,527.0,500000000.0,681292.0690579609,31622776.60168379,"Au сферы в стекле, OPC/DFWM 5 ps; |chi_m|~5e-8 esu, фаза ~80 град (hot-electron)"
Guillet2009_2ps_TTM,4.2326397045581105e-16,4.0270876752578875e-15,827.0,500000000.0,146779.92676220674,4641588.833612773,"теория TTM, hbar*w=1.5 эВ, 2 ps; верхняя пс-оценка hot-electron ветки"
DeLeon2014_fs_795nm,4.67e-19,3.03e-19,795.6,100000000000.0,681292069.0579594,31622776601.683792,"пленка Au (SPP, Кречман), 107 фс; прямое комплексное chi_Au"
Rotenberg_fs_630nm,-7.6e-19,4e-20,630.0,100000000000.0,681292069.0579594,14677992676.220675,пересчет De Leon 2014 из Z-scan Rotenberg (n2=0); знак Re отрицательный
Ryasn2007_ns_532_phase0,8.726875e-16,0.0,532.0,28000000.0,464158.8833612772,14677992.676220676,"Au:Al2O3 7 ns; |chi_m|=6.25e-8 esu, фаза 0 град (брекетинг, фаза в статье не измерена)"
Ryasn2007_ns_532_phase90,5.34366976765453e-32,8.726875e-16,532.0,28000000.0,681292.0690579609,21544346.900318824,"Au:Al2O3 7 ns; |chi_m|=6.25e-8 esu, фаза 90 град (брекетинг, фаза в статье не измерена)"
Ryasn2007_ns_532_phase180,-8.726875e-16,1.068733953530906e-31,532.0,28000000.0,464158.8833612772,14677992.676220676,"Au:Al2O3 7 ns; |chi_m|=6.25e-8 esu, фаза 180 град (брекетинг, фаза в статье не измерена)"
Ryasn2007_ns_532_phase270,-1.6031009302963586e-31,-8.726875e-16,532.0,28000000.0,681292.0690579609,6812920.690579608,"Au:Al2O3 7 ns; |chi_m|=6.25e-8 esu, фаза 270 град (брекетинг, фаза в статье не измерена)"
