matrix,n_host,p_fill,chi_m_esu,abs_f4,pred_abs_chi_eff_esu,meas_abs_chi_eff_esu,ratio_pred_over_meas
Al2O3,1.77,0.08,6.25e-08,117.27981187634485,5.863990593817243e-07,7.328697019252468e-07,0.8001409498049319
SiO2,1.46,0.08,2.7e-08,47.721067613070694,1.030775060442327e-07,1.3816254919477996e-07,0.7460596713434638
ZnO,2.0,0.0868,2.46e-08,75.48135695609272,1.6117383188120568e-07,1.47e-07,1.0964206250422155
