theta_deg,isolated,embedded_0,embedded_1,embedded_2,embedded_3
-89,6.3359e-05,4.16756e-05,2.80095e-05,7.05297e-05,7.92854e-05
-88.95,6.98508e-05,4.59333e-05,3.08829e-05,7.76575e-05,8.7345e-05
-88.9,7.66609e-05,5.03999e-05,3.38975e-05,8.51351e-05,9.58007e-05
-88.85,8.37893e-05,5.50753e-05,3.70536e-05,9.29629e-05,0.000104653
-88.8,9.12363e-05,5.996e-05,4.03513e-05,0.000101141,0.000113902
-88.75,9.90022e-05,6.50539e-05,4.37909e-05,0.00010967,0.000123549
-88.7,0.000107087,7.03573e-05,4.73724e-05,0.00011855,0.000133594
-88.65,0.000115491,7.58704e-05,5.10962e-05,0.000127782,0.000144037
-88.6,0.000124215,8.15934e-05,5.49624e-05,0.000137365,0.000154879
-88.55,0.000133259,8.75265e-05,5.89711e-05,0.000147301,0.00016612
-88.5,0.000142623,9.36698e-05,6.31227e-05,0.00015759,0.000177762
-88.45,0.000152307,0.000100024,6.74174e-05,0.000168231,0.000189804
-88.4,0.000162313,0.000106588,7.18554e-05,0.000179226,0.000202248
-88.35,0.000172639,0.000113364,7.64368e-05,0.000190575,0.000215093
-88.3,0.000183286,0.000120351,8.11621e-05,0.000202279,0.000228342
-88.25,0.000194256,0.000127549,8.60314e-05,0.000214337,0.000241993
-88.2,0.000205547,0.000134959,9.1045e-05,0.000226751,0.000256048
-88.15,0.000217161,0.000142581,9.62032e-05,0.000239521,0.000270508
-88.1,0.000229098,0.000150415,0.000101506,0.000252647,0.000285373
-88.05,0.000241357,0.000158462,0.000106954,0.00026613,0.000300644
-88,0.000253941,0.000166721,0.000112548,0.00027997,0.000316322
-87.95,0.000266848,0.000175194,0.000118287,0.000294169,0.000332408
-87.9,0.000280079,0.00018388,0.000124173,0.000308726,0.000348902
-87.85,0.000293636,0.00019278,0.000130204,0.000323643,0.000365806
-87.8,0.000307517,0.000201894,0.000136383,0.000338919,0.000383119
-87.75,0.000321724,0.000211222,0.000142708,0.000354556,0.000400844
-87.7,0.000336257,0.000220765,0.000149181,0.000370554,0.000418981
-87.65,0.000351117,0.000230523,0.000155802,0.000386914,0.00043753
-87.6,0.000366304,0.000240496,0.000162571,0.000403636,0.000456493
-87.55,0.000381818,0.000250685,0.000169488,0.000420721,0.000475871
-87.5,0.00039766,0.00026109,0.000176554,0.00043817,0.000495664
-87.45,0.00041383,0.000271712,0.000183769,0.000455984,0.000515874
-87.4,0.000430329,0.00028255,0.000191134,0.000474163,0.000536502
-87.35,0.000447158,0.000293606,0.000198649,0.000492707,0.000557548
-87.3,0.000464317,0.00030488,0.000206314,0.000511619,0.000579014
-87.25,0.000481806,0.000316371,0.000214131,0.000530898,0.000600901
-87.2,0.000499626,0.000328081,0.000222098,0.000550545,0.00062321
-87.15,0.000517778,0.000340009,0.000230217,0.000570561,0.000645942
-87.1,0.000536261,0.000352157,0.000238489,0.000590948,0.000669099
-87.05,0.000555078,0.000364525,0.000246913,0.000611704,0.00069268
-87,0.000574228,0.000377113,0.00025549,0.000632833,0.000716688
-86.95,0.000593712,0.000389921,0.00026422,0.000654334,0.000741124
-86.9,0.00061353,0.000402951,0.000273105,0.000676208,0.000765989
-86.85,0.000633683,0.000416201,0.000282144,0.000698456,0.000791284
-86.8,0.000654172,0.000429674,0.000291338,0.000721079,0.000817011
-86.75,0.000674998,0.00044337,0.000300688,0.000744079,0.000843171
-86.7,0.00069616,0.000457288,0.000310193,0.000767455,0.000869764
-86.65,0.00071766,0.00047143,0.000319855,0.000791209,0.000896793
-86.6,0.000739499,0.000485795,0.000329674,0.000815341,0.000924259
-86.55,0.000761676,0.000500386,0.000339651,0.000839854,0.000952163
-86.5,0.000784193,0.000515201,0.000349786,0.000864747,0.000980507
-86.45,0.000807051,0.000530241,0.00036008,0.000890023,0.00100929
-86.4,0.000830249,0.000545508,0.000370532,0.000915681,0.00103852
-86.35,0.000853789,0.000561001,0.000381145,0.000941722,0.00106819
-86.3,0.000877672,0.000576721,0.000391918,0.000968149,0.00109831
-86.25,0.000901898,0.000592669,0.000402852,0.000994961,0.00112887
-86.2,0.000926468,0.000608845,0.000413948,0.00102216,0.00115988
-86.15,0.000951383,0.00062525,0.000425206,0.00104975,0.00119134
-86.1,0.000976643,0.000641885,0.000436627,0.00107773,0.00122326
-86.05,0.00100225,0.000658749,0.000448211,0.00110609,0.00125562
-86,0.0010282,0.000675844,0.000459959,0.00113485,0.00128844
-85.95,0.0010545,0.00069317,0.000471872,0.001164,0.00132172
-85.9,0.00108116,0.000710727,0.000483951,0.00119355,0.00135546
-85.85,0.00110815,0.000728518,0.000496195,0.00122349,0.00138965
-85.8,0.0011355,0.000746541,0.000508606,0.00125383,0.00142431
-85.75,0.00116321,0.000764798,0.000521185,0.00128456,0.00145943
-85.7,0.00119126,0.000783289,0.000533932,0.00131569,0.00149501
-85.65,0.00121966,0.000802015,0.000546847,0.00134723,0.00153107
-85.6,0.00124842,0.000820977,0.000559932,0.00137916,0.00156759
-85.55,0.00127754,0.000840175,0.000573188,0.0014115,0.00160458
-85.5,0.00130701,0.00085961,0.000586614,0.00144424,0.00164204
-85.45,0.00133683,0.000879282,0.000600212,0.00147738,0.00167998
-85.4,0.00136702,0.000899193,0.000613982,0.00151093,0.00171839
-85.35,0.00139756,0.000919343,0.000627926,0.00154489,0.00175728
-85.3,0.00142846,0.000939733,0.000642043,0.00157926,0.00179666
-85.25,0.00145972,0.000960363,0.000656336,0.00161404,0.00183651
-85.2,0.00149134,0.000981235,0.000670804,0.00164923,0.00187685
-85.15,0.00152332,0.00100235,0.000685448,0.00168483,0.00191767
-85.1,0.00155567,0.0010237,0.00070027,0.00172085,0.00195898
-85.05,0.00158838,0.0010453,0.000715269,0.00175729,0.00200078
-85,0.00162145,0.00106715,0.000730447,0.00179414,0.00204307
-84.95,0.0016549,0.00108924,0.000745805,0.00183141,0.00208586
-84.9,0.0016887,0.00111157,0.000761343,0.0018691,0.00212914
-84.85,0.00172288,0.00113415,0.000777063,0.00190722,0.00217292
-84.8,0.00175742,0.00115698,0.000792965,0.00194575,0.00221721
-84.75,0.00179234,0.00118005,0.00080905,0.00198472,0.00226199
-84.7,0.00182762,0.00120338,0.000825319,0.00202411,0.00230728
-84.65,0.00186328,0.00122695,0.000841773,0.00206392,0.00235308
-84.6,0.00189931,0.00125078,0.000858413,0.00210417,0.00239939
-84.55,0.00193571,0.00127485,0.000875239,0.00214485,0.0024462
-84.5,0.00197249,0.00129918,0.000892253,0.00218596,0.00249354
-84.45,0.00200965,0.00132377,0.000909456,0.00222751,0.00254139
-84.4,0.00204718,0.0013486,0.000926848,0.00226949,0.00258976
-84.35,0.0020851,0.00137369,0.000944431,0.00231191,0.00263865
-84.3,0.00212339,0.00139904,0.000962205,0.00235477,0.00268806
-84.25,0.00216206,0.00142464,0.000980172,0.00239807,0.002738
-84.2,0.00220112,0.0014505,0.000998332,0.00244182,0.00278847
-84.15,0.00224055,0.00147662,0.00101669,0.00248601,0.00283947
-84.1,0.00228038,0.001503,0.00103524,0.00253064,0.002891
-84.05,0.00232058,0.00152963,0.00105398,0.00257573,0.00294307
-84,0.00236118,0.00155653,0.00107293,0.00262126,0.00299568
-83.95,0.00240216,0.00158369,0.00109207,0.00266724,0.00304883
-83.9,0.00244353,0.00161112,0.00111141,0.00271368,0.00310253
-83.85,0.00248529,0.0016388,0.00113096,0.00276058,0.00315677
-83.8,0.00252745,0.00166676,0.0011507,0.00280793,0.00321156
-83.75,0.00256999,0.00169498,0.00117065,0.00285574,0.0032669
-83.7,0.00261293,0.00172346,0.0011908,0.00290401,0.0033228
-83.65,0.00265627,0.00175221,0.00121116,0.00295275,0.00337926
-83.6,0.0027,0.00178124,0.00123172,0.00300195,0.00343627
-83.55,0.00274413,0.00181053,0.00125249,0.00305162,0.00349385
-83.5,0.00278866,0.00184009,0.00127347,0.00310175,0.003552
-83.45,0.00283359,0.00186993,0.00129466,0.00315236,0.00361071
-83.4,0.00287892,0.00190003,0.00131606,0.00320344,0.00367
-83.35,0.00292465,0.00193041,0.00133768,0.00325499,0.00372986
-83.3,0.00297079,0.00196107,0.0013595,0.00330702,0.0037903
-83.25,0.00301734,0.001992,0.00138154,0.00335953,0.00385132
-83.2,0.00306429,0.00202321,0.0014038,0.00341252,0.00391292
-83.15,0.00311165,0.0020547,0.00142627,0.00346599,0.00397511
-83.1,0.00315942,0.00208647,0.00144897,0.00351995,0.00403789
-83.05,0.0032076,0.00211851,0.00147188,0.00357439,0.00410127
-83,0.00325619,0.00215084,0.00149501,0.00362932,0.00416523
-82.95,0.0033052,0.00218345,0.00151836,0.00368475,0.0042298
-82.9,0.00335462,0.00221635,0.00154194,0.00374067,0.00429497
-82.85,0.00340446,0.00224953,0.00156575,0.00379708,0.00436075
-82.8,0.00345472,0.00228299,0.00158977,0.00385399,0.00442713
-82.75,0.00350539,0.00231675,0.00161403,0.0039114,0.00449413
-82.7,0.00355649,0.00235079,0.00163852,0.00396931,0.00456174
-82.65,0.00360801,0.00238512,0.00166323,0.00402773,0.00462997
-82.6,0.00365996,0.00241974,0.00168818,0.00408666,0.00469882
-82.55,0.00371233,0.00245465,0.00171336,0.00414609,0.0047683
-82.5,0.00376512,0.00248986,0.00173877,0.00420603,0.00483841
-82.45,0.00381835,0.00252536,0.00176442,0.00426649,0.00490914
-82.4,0.00387201,0.00256115,0.00179031,0.00432746,0.00498052
-82.35,0.00392609,0.00259724,0.00181644,0.00438895,0.00505253
-82.3,0.00398061,0.00263363,0.0018428,0.00445097,0.00512519
-82.25,0.00403557,0.00267032,0.00186941,0.0045135,0.00519849
-82.2,0.00409096,0.00270731,0.00189626,0.00457656,0.00527244
-82.15,0.00414679,0.0027446,0.00192336,0.00464015,0.00534704
-82.1,0.00420306,0.0027822,0.0019507,0.00470426,0.0054223
-82.05,0.00425977,0.0028201,0.00197829,0.00476891,0.00549822
-82,0.00431692,0.0028583,0.00200613,0.0048341,0.00557481
-81.95,0.00437451,0.00289681,0.00203422,0.00489982,0.00565206
-81.9,0.00443256,0.00293563,0.00206256,0.00496608,0.00572998
-81.85,0.00449104,0.00297476,0.00209116,0.00503289,0.00580858
-81.8,0.00454998,0.0030142,0.00212001,0.00510024,0.00588786
-81.75,0.00460937,0.00305395,0.00214912,0.00516814,0.00596782
-81.7,0.00466921,0.00309401,0.00217848,0.00523658,0.00604847
-81.65,0.0047295,0.00313439,0.00220811,0.00530559,0.00612981
-81.6,0.00479025,0.00317508,0.002238,0.00537514,0.00621184
-81.55,0.00485146,0.0032161,0.00226816,0.00544525,0.00629457
-81.5,0.00491312,0.00325743,0.00229858,0.00551593,0.00637801
-81.45,0.00497525,0.00329908,0.00232926,0.00558717,0.00646215
-81.4,0.00503784,0.00334105,0.00236022,0.00565897,0.006547
-81.35,0.00510089,0.00338335,0.00239145,0.00573134,0.00663256
-81.3,0.00516441,0.00342597,0.00242295,0.00580429,0.00671885
-81.25,0.0052284,0.00346891,0.00245472,0.0058778,0.00680585
-81.2,0.00529285,0.00351219,0.00248677,0.0059519,0.00689359
-81.15,0.00535778,0.00355579,0.0025191,0.00602657,0.00698205
-81.1,0.00542317,0.00359973,0.0025517,0.00610183,0.00707125
-81.05,0.00548905,0.00364399,0.00258459,0.00617767,0.00716119
-81,0.0055554,0.00368859,0.00261776,0.0062541,0.00725187
-80.95,0.00562222,0.00373352,0.00265122,0.00633112,0.0073433
-80.9,0.00568953,0.00377879,0.00268496,0.00640874,0.00743549
-80.85,0.00575732,0.0038244,0.002719,0.00648695,0.00752843
-80.8,0.00582559,0.00387034,0.00275332,0.00656576,0.00762213
-80.75,0.00589435,0.00391663,0.00278794,0.00664517,0.00771659
-80.7,0.0059636,0.00396326,0.00282285,0.00672519,0.00781183
-80.65,0.00603333,0.00401023,0.00285806,0.00680582,0.00790784
-80.6,0.00610355,0.00405755,0.00289356,0.00688705,0.00800463
-80.55,0.00617427,0.00410522,0.00292937,0.00696891,0.00810221
-80.5,0.00624548,0.00415323,0.00296548,0.00705138,0.00820057
-80.45,0.00631719,0.0042016,0.0030019,0.00713447,0.00829972
-80.4,0.0063894,0.00425032,0.00303862,0.00721818,0.00839967
-80.35,0.00646211,0.00429939,0.00307565,0.00730252,0.00850043
-80.3,0.00653532,0.00434881,0.003113,0.00738749,0.00860199
-80.25,0.00660903,0.00439859,0.00315065,0.00747309,0.00870436
-80.2,0.00668325,0.00444873,0.00318862,0.00755933,0.00880755
-80.15,0.00675798,0.00449923,0.00322691,0.0076462,0.00891156
-80.1,0.00683322,0.0045501,0.00326552,0.00773372,0.00901639
-80.05,0.00690897,0.00460132,0.00330445,0.00782189,0.00912206
-80,0.00698523,0.00465291,0.0033437,0.0079107,0.00922856
-79.95,0.00706202,0.00470487,0.00338328,0.00800016,0.0093359
-79.9,0.00713931,0.00475719,0.00342319,0.00809028,0.00944409
-79.85,0.00721713,0.00480989,0.00346343,0.00818106,0.00955313
-79.8,0.00729547,0.00486296,0.003504,0.0082725,0.00966303
-79.75,0.00737434,0.0049164,0.0035449,0.0083646,0.00977378
-79.7,0.00745373,0.00497022,0.00358615,0.00845737,0.0098854
-79.65,0.00753364,0.00502441,0.00362773,0.00855081,0.00999789
-79.6,0.00761409,0.00507898,0.00366966,0.00864493,0.0101113
-79.55,0.00769507,0.00513394,0.00371193,0.00873972,0.0102255
-79.5,0.00777659,0.00518927,0.00375454,0.0088352,0.0103406
-79.45,0.00785864,0.00524499,0.00379751,0.00893136,0.0104567
-79.4,0.00794123,0.0053011,0.00384083,0.00902821,0.0105736
-79.35,0.00802436,0.00535759,0.0038845,0.00912575,0.0106914
-79.3,0.00810803,0.00541448,0.00392853,0.00922399,0.0108101
-79.25,0.00819224,0.00547175,0.00397292,0.00932292,0.0109298
-79.2,0.00827701,0.00552942,0.00401767,0.00942256,0.0110504
-79.15,0.00836232,0.00558749,0.00406278,0.0095229,0.0111718
-79.1,0.00844818,0.00564595,0.00410826,0.00962395,0.0112943
-79.05,0.0085346,0.00570481,0.00415411,0.00972572,0.0114176
-79,0.00862157,0.00576407,0.00420033,0.0098282,0.0115419
-78.95,0.0087091,0.00582374,0.00424693,0.0099314,0.0116671
-78.9,0.00879719,0.00588381,0.0042939,0.0100353,0.0117933
-78.85,0.00888584,0.00594429,0.00434125,0.01014,0.0119205
-78.8,0.00897505,0.00600517,0.00438898,0.0102454,0.0120486
-78.75,0.00906483,0.00606647,0.0044371,0.0103515,0.0121776
-78.7,0.00915518,0.00612818,0.00448561,0.0104583,0.0123077
-78.65,0.0092461,0.0061903,0.00453451,0.0105659,0.0124387
-78.6,0.00933759,0.00625284,0.0045838,0.0106743,0.0125707
-78.55,0.00942966,0.0063158,0.00463348,0.0107833,0.0127037
-78.5,0.0095223,0.00637918,0.00468357,0.0108932,0.0128378
-78.45,0.00961553,0.00644298,0.00473406,0.0110038,0.0129728
-78.4,0.00970933,0.00650721,0.00478495,0.0111152,0.0131088
-78.35,0.00980372,0.00657186,0.00483624,0.0112273,0.0132458
-78.3,0.0098987,0.00663694,0.00488795,0.0113402,0.0133839
-78.25,0.00999426,0.00670246,0.00494007,0.0114538,0.0135229
-78.2,0.0100904,0.0067684,0.00499261,0.0115683,0.013663
-78.15,0.0101872,0.00683478,0.00504556,0.0116835,0.0138042
-78.1,0.0102845,0.0069016,0.00509894,0.0117995,0.0139464
-78.05,0.0103824,0.00696886,0.00515274,0.0119163,0.0140896
-78,0.010481,0.00703656,0.00520697,0.0120339,0.0142339
-77.95,0.0105801,0.0071047,0.00526163,0.0121523,0.0143793
-77.9,0.0106799,0.00717329,0.00531673,0.0122714,0.0145257
-77.85,0.0107802,0.00724232,0.00537226,0.0123914,0.0146733
-77.8,0.0108812,0.00731181,0.00542823,0.0125122,0.0148218
-77.75,0.0109828,0.00738175,0.00548465,0.0126338,0.0149715
-77.7,0.011085,0.00745214,0.00554151,0.0127562,0.0151223
-77.65,0.0111878,0.00752299,0.00559882,0.0128795,0.0152742
-77.6,0.0112912,0.0075943,0.00565658,0.0130035,0.0154272
-77.55,0.0113952,0.00766607,0.0057148,0.0131284,0.0155813
-77.5,0.0114999,0.0077383,0.00577348,0.0132541,0.0157365
-77.45,0.0116052,0.00781099,0.00583262,0.0133807,0.0158929
-77.4,0.0117111,0.00788416,0.00589223,0.0135081,0.0160503
-77.35,0.0118177,0.0079578,0.0059523,0.0136363,0.016209
-77.3,0.0119249,0.0080319,0.00601285,0.0137654,0.0163687
-77.25,0.0120327,0.00810648,0.00607387,0.0138954,0.0165297
-77.2,0.0121412,0.00818154,0.00613537,0.0140262,0.0166917
-77.15,0.0122503,0.00825708,0.00619736,0.0141578,0.016855
-77.1,0.01236,0.0083331,0.00625983,0.0142904,0.0170194
-77.05,0.0124704,0.00840961,0.00632279,0.0144238,0.017185
-77,0.0125814,0.0084866,0.00638624,0.014558,0.0173518
-76.95,0.0126931,0.00856408,0.00645019,0.0146932,0.0175198
-76.9,0.0128054,0.00864204,0.00651464,0.0148292,0.017689
-76.85,0.0129184,0.00872051,0.0065796,0.0149661,0.0178594
-76.8,0.0130321,0.00879947,0.00664506,0.0151039,0.018031
-76.75,0.0131464,0.00887892,0.00671103,0.0152427,0.0182038
-76.7,0.0132614,0.00895888,0.00677751,0.0153823,0.0183779
-76.65,0.013377,0.00903934,0.00684452,0.0155228,0.0185532
-76.6,0.0134933,0.00912031,0.00691204,0.0156642,0.0187297
-76.55,0.0136103,0.00920179,0.00698009,0.0158065,0.0189075
-76.5,0.013728,0.00928377,0.00704867,0.0159498,0.0190865
-76.45,0.0138463,0.00936627,0.00711779,0.016094,0.0192668
-76.4,0.0139653,0.00944928,0.00718744,0.0162391,0.0194484
-76.35,0.014085,0.00953281,0.00725763,0.0163851,0.0196313
-76.3,0.0142053,0.00961687,0.00732836,0.0165321,0.0198154
-76.25,0.0143264,0.00970144,0.00739965,0.01668,0.0200008
-76.2,0.0144481,0.00978654,0.00747148,0.0168289,0.0201876
-76.15,0.0145705,0.00987217,0.00754388,0.0169787,0.0203756
-76.1,0.0146937,0.00995833,0.00761683,0.0171294,0.0205649
-76.05,0.0148175,0.010045,0.00769034,0.0172812,0.0207556
-76,0.014942,0.0101323,0.00776443,0.0174338,0.0209476
-75.95,0.0150672,0.01022,0.00783909,0.0175875,0.0211409
-75.9,0.0151931,0.0103083,0.00791432,0.0177421,0.0213356
-75.85,0.0153197,0.0103972,0.00799013,0.0178977,0.0215316
-75.8,0.0154471,0.0104866,0.00806653,0.0180543,0.021729
-75.75,0.0155751,0.0105765,0.00814352,0.0182119,0.0219278
-75.7,0.0157039,0.010667,0.0082211,0.0183705,0.0221279
-75.65,0.0158333,0.0107581,0.00829928,0.01853,0.0223294
-75.6,0.0159635,0.0108497,0.00837806,0.0186906,0.0225323
-75.55,0.0160944,0.0109419,0.00845744,0.0188522,0.0227366
-75.5,0.0162261,0.0110346,0.00853744,0.0190148,0.0229422
-75.45,0.0163584,0.0111279,0.00861805,0.0191784,0.0231493
-75.4,0.0164915,0.0112218,0.00869928,0.019343,0.0233579
-75.35,0.0166253,0.0113162,0.00878113,0.0195086,0.0235678
-75.3,0.0167599,0.0114112,0.0088636,0.0196753,0.0237792
-75.25,0.0168952,0.0115068,0.00894672,0.019843,0.023992
-75.2,0.0170312,0.011603,0.00903046,0.0200118,0.0242063
-75.15,0.017168,0.0116997,0.00911485,0.0201816,0.024422
-75.1,0.0173055,0.0117971,0.00919989,0.0203524,0.0246392
-75.05,0.0174438,0.011895,0.00928557,0.0205244,0.0248578
-75,0.0175828,0.0119935,0.00937191,0.0206973,0.0250779
-74.95,0.0177225,0.0120926,0.00945891,0.0208714,0.0252996
-74.9,0.0178631,0.0121923,0.00954657,0.0210465,0.0255227
-74.85,0.0180043,0.0122926,0.0096349,0.0212226,0.0257473
-74.8,0.0181464,0.0123935,0.0097239,0.0213999,0.0259734
-74.75,0.0182892,0.012495,0.00981359,0.0215782,0.0262011
-74.7,0.0184327,0.0125971,0.00990395,0.0217577,0.0264303
-74.65,0.0185771,0.0126999,0.00999501,0.0219382,0.026661
-74.6,0.0187222,0.0128032,0.0100868,0.0221198,0.0268932
-74.55,0.0188681,0.0129072,0.0101792,0.0223025,0.027127
-74.5,0.0190147,0.0130117,0.0102723,0.0224864,0.0273624
-74.45,0.0191622,0.0131169,0.0103662,0.0226713,0.0275993
-74.4,0.0193104,0.0132228,0.0104608,0.0228574,0.0278378
-74.35,0.0194594,0.0133292,0.010556,0.0230446,0.0280779
-74.3,0.0196092,0.0134363,0.0106521,0.023233,0.0283196
-74.25,0.0197598,0.013544,0.0107488,0.0234224,0.0285628
-74.2,0.0199111,0.0136524,0.0108463,0.023613,0.0288077
-74.15,0.0200633,0.0137614,0.0109445,0.0238048,0.0290542
-74.1,0.0202163,0.013871,0.0110434,0.0239977,0.0293023
-74.05,0.02037,0.0139813,0.0111431,0.0241918,0.029552
-74,0.0205246,0.0140923,0.0112436,0.024387,0.0298034
-73.95,0.02068,0.0142038,0.0113448,0.0245834,0.0300565
-73.9,0.0208361,0.0143161,0.0114467,0.024781,0.0303111
-73.85,0.0209931,0.014429,0.0115495,0.0249797,0.0305675
-73.8,0.0211509,0.0145426,0.011653,0.0251796,0.0308255
-73.75,0.0213096,0.0146568,0.0117573,0.0253807,0.0310852
-73.7,0.021469,0.0147717,0.0118624,0.0255831,0.0313466
-73.65,0.0216293,0.0148873,0.0119683,0.0257866,0.0316096
-73.6,0.0217904,0.0150036,0.0120749,0.0259913,0.0318744
-73.55,0.0219523,0.0151205,0.0121824,0.0261972,0.0321409
-73.5,0.022115,0.0152381,0.0122907,0.0264043,0.0324091
-73.45,0.0222786,0.0153564,0.0123998,0.0266127,0.032679
-73.4,0.022443,0.0154754,0.0125097,0.0268223,0.0329507
-73.35,0.0226083,0.0155951,0.0126204,0.0270331,0.0332241
-73.3,0.0227743,0.0157155,0.012732,0.0272451,0.0334993
-73.25,0.0229413,0.0158365,0.0128444,0.0274584,0.0337762
-73.2,0.0231091,0.0159583,0.0129577,0.0276729,0.0340549
-73.15,0.0232777,0.0160808,0.0130718,0.0278887,0.0343354
-73.1,0.0234472,0.016204,0.0131867,0.0281058,0.0346176
-73.05,0.0236175,0.0163279,0.0133025,0.0283241,0.0349017
-73,0.0237887,0.0164525,0.0134192,0.0285436,0.0351875
-72.95,0.0239607,0.0165778,0.0135367,0.0287645,0.0354752
-72.9,0.0241336,0.0167039,0.0136552,0.0289866,0.0357646
-72.85,0.0243074,0.0168307,0.0137745,0.02921,0.0360559
-72.8,0.024482,0.0169582,0.0138947,0.0294347,0.0363491
-72.75,0.0246576,0.0170864,0.0140158,0.0296607,0.036644
-72.7,0.0248339,0.0172154,0.0141378,0.029888,0.0369409
-72.65,0.0250112,0.0173451,0.0142607,0.0301166,0.0372395
-72.6,0.0251893,0.0174756,0.0143845,0.0303465,0.0375401
-72.55,0.0253683,0.0176068,0.0145092,0.0305777,0.0378425
-72.5,0.0255482,0.0177387,0.0146349,0.0308103,0.0381468
-72.45,0.025729,0.0178714,0.0147615,0.0310441,0.038453
-72.4,0.0259107,0.0180049,0.014889,0.0312793,0.0387611
-72.35,0.0260932,0.0181391,0.0150175,0.0315159,0.0390711
-72.3,0.0262767,0.0182741,0.015147,0.0317538,0.039383
-72.25,0.026461,0.0184099,0.0152774,0.031993,0.0396968
-72.2,0.0266463,0.0185464,0.0154087,0.0322336,0.0400126
-72.15,0.0268324,0.0186837,0.0155411,0.0324755,0.0403303
-72.1,0.0270195,0.0188218,0.0156744,0.0327189,0.0406499
-72.05,0.0272074,0.0189606,0.0158087,0.0329636,0.0409715
-72,0.0273963,0.0191003,0.015944,0.0332096,0.0412951
-71.95,0.0275861,0.0192407,0.0160803,0.0334571,0.0416207
-71.9,0.0277767,0.019382,0.0162176,0.0337059,0.0419482
-71.85,0.0279684,0.019524,0.0163559,0.0339561,0.0422777
-71.8,0.0281609,0.0196668,0.0164952,0.0342078,0.0426092
-71.75,0.0283543,0.0198104,0.0166356,0.0344608,0.0429427
-71.7,0.0285487,0.0199549,0.0167769,0.0347152,0.0432782
-71.65,0.028744,0.0201001,0.0169194,0.0349711,0.0436157
-71.6,0.0289402,0.0202462,0.0170628,0.0352284,0.0439552
-71.55,0.0291374,0.020393,0.0172074,0.0354871,0.0442968
-71.5,0.0293354,0.0205408,0.017353,0.0357472,0.0446405
-71.45,0.0295345,0.0206893,0.0174996,0.0360088,0.0449861
-71.4,0.0297344,0.0208386,0.0176473,0.0362718,0.0453339
-71.35,0.0299353,0.0209888,0.0177962,0.0365362,0.0456837
-71.3,0.0301372,0.0211399,0.0179461,0.0368022,0.0460355
-71.25,0.03034,0.0212917,0.0180971,0.0370695,0.0463895
-71.2,0.0305437,0.0214444,0.0182492,0.0373384,0.0467455
-71.15,0.0307484,0.021598,0.0184024,0.0376087,0.0471036
-71.1,0.0309541,0.0217524,0.0185567,0.0378805,0.0474639
-71.05,0.0311607,0.0219077,0.0187122,0.0381537,0.0478262
-71,0.0313682,0.0220638,0.0188688,0.0384285,0.0481907
-70.95,0.0315768,0.0222209,0.0190265,0.0387047,0.0485573
-70.9,0.0317862,0.0223787,0.0191854,0.0389824,0.048926
-70.85,0.0319967,0.0225375,0.0193455,0.0392617,0.0492968
-70.8,0.0322081,0.0226971,0.0195067,0.0395424,0.0496699
-70.75,0.0324205,0.0228576,0.019669,0.0398247,0.050045
-70.7,0.0326339,0.023019,0.0198326,0.0401085,0.0504223
-70.65,0.0328482,0.0231813,0.0199973,0.0403938,0.0508018
-70.6,0.0330635,0.0233444,0.0201633,0.0406806,0.0511835
-70.55,0.0332798,0.0235085,0.0203304,0.040969,0.0515673
-70.5,0.0334971,0.0236735,0.0204988,0.0412589,0.0519534
-70.45,0.0337154,0.0238393,0.0206683,0.0415503,0.0523416
-70.4,0.0339346,0.0240061,0.0208391,0.0418433,0.052732
-70.35,0.0341548,0.0241738,0.0210112,0.0421379,0.0531247
-70.3,0.0343761,0.0243424,0.0211844,0.042434,0.0535196
-70.25,0.0345983,0.024512,0.021359,0.0427317,0.0539166
-70.2,0.0348215,0.0246824,0.0215348,0.043031,0.054316
-70.15,0.0350457,0.0248538,0.0217118,0.0433318,0.0547175
-70.1,0.035271,0.0250261,0.0218901,0.0436342,0.0551213
-70.05,0.0354972,0.0251994,0.0220697,0.0439382,0.0555274
-70,0.0357244,0.0253736,0.0222506,0.0442438,0.0559357
-69.95,0.0359526,0.0255488,0.0224328,0.044551,0.0563463
-69.9,0.0361819,0.0257249,0.0226163,0.0448598,0.0567591
-69.85,0.0364121,0.0259019,0.0228012,0.0451703,0.0571743
-69.8,0.0366434,0.0260799,0.0229873,0.0454823,0.0575917
-69.75,0.0368757,0.0262589,0.0231748,0.0457959,0.0580114
-69.7,0.037109,0.0264389,0.0233636,0.0461112,0.0584334
-69.65,0.0373433,0.0266198,0.0235538,0.0464281,0.0588577
-69.6,0.0375787,0.0268017,0.0237453,0.0467467,0.0592843
-69.55,0.037815,0.0269846,0.0239382,0.0470668,0.0597132
-69.5,0.0380524,0.0271684,0.0241325,0.0473887,0.0601444
-69.45,0.0382908,0.0273533,0.0243282,0.0477122,0.060578
-69.4,0.0385303,0.0275391,0.0245252,0.0480373,0.0610139
-69.35,0.0387708,0.027726,0.0247237,0.0483641,0.0614521
-69.3,0.0390123,0.0279138,0.0249236,0.0486926,0.0618927
-69.25,0.0392549,0.0281027,0.0251248,0.0490227,0.0623357
-69.2,0.0394985,0.0282926,0.0253276,0.0493545,0.0627809
-69.15,0.0397431,0.0284834,0.0255317,0.049688,0.0632286
-69.1,0.0399888,0.0286753,0.0257373,0.0500232,0.0636786
-69.05,0.0402355,0.0288683,0.0259444,0.05036,0.064131
-69,0.0404833,0.0290622,0.0261529,0.0506986,0.0645857
-68.95,0.0407321,0.0292572,0.0263629,0.0510389,0.0650428
-68.9,0.0409819,0.0294533,0.0265744,0.0513809,0.0655024
-68.85,0.0412329,0.0296503,0.0267874,0.0517246,0.0659643
-68.8,0.0414848,0.0298485,0.0270019,0.05207,0.0664286
-68.75,0.0417379,0.0300477,0.0272179,0.0524171,0.0668953
-68.7,0.0419919,0.0302479,0.0274354,0.0527659,0.0673644
-68.65,0.0422471,0.0304492,0.0276545,0.0531165,0.0678359
-68.6,0.0425033,0.0306515,0.0278751,0.0534688,0.0683098
-68.55,0.0427606,0.030855,0.0280972,0.0538229,0.0687862
-68.5,0.0430189,0.0310595,0.0283209,0.0541787,0.0692649
-68.45,0.0432783,0.0312651,0.0285462,0.0545363,0.0697461
-68.4,0.0435387,0.0314718,0.028773,0.0548956,0.0702298
-68.35,0.0438003,0.0316795,0.0290014,0.0552567,0.0707158
-68.3,0.0440629,0.0318884,0.0292315,0.0556195,0.0712043
-68.25,0.0443266,0.0320983,0.0294631,0.0559841,0.0716952
-68.2,0.0445913,0.0323094,0.0296964,0.0563505,0.0721886
-68.15,0.0448572,0.0325216,0.0299313,0.0567186,0.0726845
-68.1,0.0451241,0.0327349,0.0301678,0.0570886,0.0731828
-68.05,0.045392,0.0329493,0.030406,0.0574603,0.0736835
-68,0.0456611,0.0331648,0.0306458,0.0578338,0.0741867
-67.95,0.0459313,0.0333814,0.0308873,0.0582091,0.0746924
-67.9,0.0462025,0.0335992,0.0311305,0.0585862,0.0752005
-67.85,0.0464748,0.0338182,0.0313753,0.0589652,0.0757111
-67.8,0.0467482,0.0340382,0.0316219,0.0593459,0.0762242
-67.75,0.0470227,0.0342594,0.0318702,0.0597284,0.0767397
-67.7,0.0472983,0.0344818,0.0321201,0.0601128,0.0772577
-67.65,0.047575,0.0347053,0.0323719,0.060499,0.0777782
-67.6,0.0478528,0.03493,0.0326253,0.060887,0.0783012
-67.55,0.0481316,0.0351559,0.0328805,0.0612768,0.0788267
-67.5,0.0484116,0.0353829,0.0331375,0.0616685,0.0793546
-67.45,0.0486926,0.0356111,0.0333962,0.062062,0.0798851
-67.4,0.0489748,0.0358405,0.0336567,0.0624574,0.080418
-67.35,0.049258,0.036071,0.033919,0.0628546,0.0809534
-67.3,0.0495424,0.0363028,0.0341831,0.0632537,0.0814913
-67.25,0.0498278,0.0365357,0.0344491,0.0636546,0.0820317
-67.2,0.0501144,0.0367699,0.0347168,0.0640573,0.0825746
-67.15,0.0504021,0.0370053,0.0349864,0.064462,0.08312
-67.1,0.0506908,0.0372418,0.0352578,0.0648685,0.0836679
-67.05,0.0509807,0.0374796,0.0355311,0.0652769,0.0842183
-67,0.0512717,0.0377186,0.0358062,0.0656871,0.0847712
-66.95,0.0515638,0.0379589,0.0360832,0.0660992,0.0853266
-66.9,0.051857,0.0382004,0.0363622,0.0665133,0.0858845
-66.85,0.0521513,0.0384431,0.036643,0.0669292,0.0864449
-66.8,0.0524467,0.038687,0.0369257,0.067347,0.0870078
-66.75,0.0527432,0.0389322,0.0372103,0.0677666,0.0875732
-66.7,0.0530409,0.0391787,0.0374969,0.0681882,0.0881411
-66.65,0.0533397,0.0394264,0.0377854,0.0686117,0.0887115
-66.6,0.0536395,0.0396754,0.0380759,0.0690371,0.0892844
-66.55,0.0539405,0.0399256,0.0383683,0.0694644,0.0898598
-66.5,0.0542426,0.0401772,0.0386628,0.0698936,0.0904377
-66.45,0.0545459,0.04043,0.0389592,0.0703247,0.0910181
-66.4,0.0548502,0.040684,0.0392576,0.0707578,0.091601
-66.35,0.0551557,0.0409394,0.039558,0.0711927,0.0921864
-66.3,0.0554623,0.0411961,0.0398604,0.0716296,0.0927743
-66.25,0.05577,0.0414541,0.0401649,0.0720684,0.0933647
-66.2,0.0560788,0.0417133,0.0404714,0.0725092,0.0939576
-66.15,0.0563888,0.0419739,0.04078,0.0729519,0.094553
-66.1,0.0566999,0.0422358,0.0410907,0.0733965,0.0951508
-66.05,0.0570121,0.042499,0.0414034,0.073843,0.0957512
-66,0.0573254,0.0427636,0.0417183,0.0742915,0.096354
-65.95,0.0576399,0.0430295,0.0420352,0.074742,0.0969593
-65.9,0.0579555,0.0432967,0.0423542,0.0751944,0.0975671
-65.85,0.0582722,0.0435653,0.0426754,0.0756488,0.0981774
-65.8,0.05859,0.0438352,0.0429987,0.0761051,0.0987902
-65.75,0.058909,0.0441065,0.0433242,0.0765633,0.0994054
-65.7,0.0592291,0.0443791,0.0436519,0.0770235,0.100023
-65.65,0.0595503,0.0446531,0.0439817,0.0774857,0.100643
-65.6,0.0598726,0.0449285,0.0443137,0.0779499,0.101266
-65.55,0.0601961,0.0452052,0.0446479,0.078416,0.101891
-65.5,0.0605207,0.0454833,0.0449843,0.0788841,0.102518
-65.45,0.0608464,0.0457628,0.045323,0.0793542,0.103148
-65.4,0.0611733,0.0460437,0.0456639,0.0798262,0.103781
-65.35,0.0615013,0.0463261,0.046007,0.0803002,0.104416
-65.3,0.0618304,0.0466098,0.0463524,0.0807762,0.105053
-65.25,0.0621607,0.0468949,0.0467001,0.0812542,0.105693
-65.2,0.0624921,0.0471814,0.04705,0.0817342,0.106335
-65.15,0.0628246,0.0474694,0.0474023,0.0822161,0.106979
-65.1,0.0631583,0.0477588,0.0477569,0.0827001,0.107626
-65.05,0.063493,0.0480496,0.0481138,0.083186,0.108276
-65,0.063829,0.0483418,0.048473,0.0836739,0.108928
-64.95,0.064166,0.0486355,0.0488346,0.0841639,0.109582
-64.9,0.0645042,0.0489307,0.0491986,0.0846558,0.110238
-64.85,0.0648435,0.0492273,0.0495649,0.0851497,0.110897
-64.8,0.0651839,0.0495254,0.0499336,0.0856456,0.111559
-64.75,0.0655255,0.0498249,0.0503048,0.0861435,0.112223
-64.7,0.0658682,0.0501259,0.0506783,0.0866434,0.112889
-64.65,0.0662121,0.0504284,0.0510543,0.0871454,0.113557
-64.6,0.066557,0.0507323,0.0514327,0.0876493,0.114228
-64.55,0.0669031,0.0510378,0.0518135,0.0881552,0.114901
-64.5,0.0672503,0.0513448,0.0521969,0.0886632,0.115577
-64.45,0.0675987,0.0516532,0.0525827,0.0891731,0.116254
-64.4,0.0679482,0.0519632,0.052971,0.0896851,0.116935
-64.35,0.0682988,0.0522747,0.0533618,0.0901991,0.117617
-64.3,0.0686506,0.0525877,0.0537551,0.0907151,0.118302
-64.25,0.0690034,0.0529022,0.054151,0.0912331,0.118989
-64.2,0.0693575,0.0532182,0.0545494,0.0917531,0.119678
-64.15,0.0697126,0.0535358,0.0549504,0.0922752,0.12037
-64.1,0.0700689,0.053855,0.0553539,0.0927992,0.121064
-64.05,0.0704262,0.0541756,0.0557601,0.0933253,0.12176
-64,0.0707848,0.0544979,0.0561688,0.0938534,0.122458
-63.95,0.0711444,0.0548217,0.0565801,0.0943835,0.123159
-63.9,0.0715052,0.0551471,0.0569941,0.0949157,0.123862
-63.85,0.0718671,0.055474,0.0574107,0.0954498,0.124567
-63.8,0.0722301,0.0558025,0.05783,0.095986,0.125274
-63.75,0.0725942,0.0561326,0.0582519,0.0965242,0.125984
-63.7,0.0729595,0.0564643,0.0586766,0.0970645,0.126695
-63.65,0.0733259,0.0567976,0.0591039,0.0976067,0.127409
-63.6,0.0736934,0.0571325,0.0595339,0.098151,0.128125
-63.55,0.074062,0.057469,0.0599667,0.0986973,0.128843
-63.5,0.0744318,0.0578071,0.0604022,0.0992456,0.129564
-63.45,0.0748027,0.0581468,0.0608404,0.0997959,0.130286
-63.4,0.0751747,0.0584882,0.0612814,0.100348,0.131011
-63.35,0.0755478,0.0588312,0.0617252,0.100903,0.131737
-63.3,0.075922,0.0591759,0.0621718,0.101459,0.132466
-63.25,0.0762973,0.0595221,0.0626212,0.102018,0.133197
-63.2,0.0766738,0.0598701,0.0630734,0.102578,0.13393
-63.15,0.0770514,0.0602197,0.0635285,0.10314,0.134665
-63.1,0.0774301,0.0605709,0.0639864,0.103705,0.135402
-63.05,0.0778098,0.0609239,0.0644472,0.104271,0.136141
-63,0.0781908,0.0612785,0.0649108,0.10484,0.136882
-62.95,0.0785728,0.0616347,0.0653774,0.105411,0.137625
-62.9,0.0789559,0.0619927,0.0658469,0.105983,0.13837
-62.85,0.0793401,0.0623524,0.0663192,0.106558,0.139117
-62.8,0.0797255,0.0627138,0.0667946,0.107134,0.139866
-62.75,0.0801119,0.0630768,0.0672728,0.107713,0.140616
-62.7,0.0804995,0.0634416,0.0677541,0.108294,0.141369
-62.65,0.0808881,0.0638082,0.0682383,0.108876,0.142124
-62.6,0.0812779,0.0641764,0.0687255,0.109461,0.14288
-62.55,0.0816687,0.0645464,0.0692158,0.110048,0.143639
-62.5,0.0820607,0.0649181,0.069709,0.110636,0.144399
-62.45,0.0824537,0.0652915,0.0702053,0.111227,0.145161
-62.4,0.0828478,0.0656667,0.0707047,0.11182,0.145925
-62.35,0.0832431,0.0660437,0.0712071,0.112414,0.146691
-62.3,0.0836394,0.0664224,0.0717126,0.113011,0.147459
-62.25,0.0840368,0.0668029,0.0722212,0.11361,0.148228
-62.2,0.0844353,0.0671852,0.072733,0.114211,0.148999
-62.15,0.0848349,0.0675693,0.0732478,0.114813,0.149772
-62.1,0.0852356,0.0679551,0.0737658,0.115418,0.150547
-62.05,0.0856374,0.0683427,0.074287,0.116025,0.151323
-62,0.0860402,0.0687322,0.0748114,0.116633,0.152101
-61.95,0.0864442,0.0691234,0.0753389,0.117244,0.152881
-61.9,0.0868492,0.0695165,0.0758696,0.117857,0.153662
-61.85,0.0872553,0.0699114,0.0764036,0.118471,0.154445
-61.8,0.0876624,0.0703081,0.0769408,0.119088,0.15523
-61.75,0.0880707,0.0707066,0.0774813,0.119707,0.156016
-61.7,0.08848,0.071107,0.078025,0.120327,0.156804
-61.65,0.0888904,0.0715092,0.078572,0.12095,0.157593
-61.6,0.0893018,0.0719133,0.0791223,0.121574,0.158384
-61.55,0.0897143,0.0723193,0.079676,0.122201,0.159176
-61.5,0.0901279,0.0727271,0.0802329,0.122829,0.15997
-61.45,0.0905426,0.0731367,0.0807932,0.12346,0.160765
-61.4,0.0909583,0.0735483,0.0813569,0.124092,0.161562
-61.35,0.0913751,0.0739617,0.0819239,0.124727,0.16236
-61.3,0.0917929,0.0743771,0.0824944,0.125363,0.16316
-61.25,0.0922118,0.0747943,0.0830682,0.126001,0.163961
-61.2,0.0926317,0.0752134,0.0836455,0.126642,0.164763
-61.15,0.0930527,0.0756345,0.0842262,0.127284,0.165567
-61.1,0.0934747,0.0760574,0.0848103,0.127928,0.166372
-61.05,0.0938978,0.0764823,0.085398,0.128574,0.167178
-61,0.094322,0.0769091,0.0859891,0.129222,0.167986
-60.95,0.0947471,0.0773379,0.0865837,0.129872,0.168795
-60.9,0.0951734,0.0777685,0.0871819,0.130524,0.169605
-60.85,0.0956006,0.0782012,0.0877836,0.131178,0.170416
-60.8,0.0960289,0.0786358,0.0883888,0.131833,0.171229
-60.75,0.0964582,0.0790723,0.0889976,0.132491,0.172042
-60.7,0.0968886,0.0795108,0.08961,0.13315,0.172857
-60.65,0.09732,0.0799513,0.090226,0.133812,0.173673
-60.6,0.0977524,0.0803938,0.0908456,0.134475,0.17449
-60.55,0.0981858,0.0808382,0.0914688,0.135141,0.175308
-60.5,0.0986203,0.0812847,0.0920957,0.135808,0.176128
-60.45,0.0990558,0.0817331,0.0927263,0.136477,0.176948
-60.4,0.0994923,0.0821836,0.0933605,0.137148,0.177769
-60.35,0.0999298,0.082636,0.0939984,0.13782,0.178591
-60.3,0.100368,0.0830905,0.0946401,0.138495,0.179414
-60.25,0.100808,0.083547,0.0952855,0.139172,0.180238
-60.2,0.101248,0.0840056,0.0959346,0.13985,0.181063
-60.15,0.10169,0.0844661,0.0965875,0.140531,0.181889
-60.1,0.102133,0.0849287,0.0972442,0.141213,0.182716
-60.05,0.102576,0.0853934,0.0979046,0.141897,0.183543
-60,0.103021,0.0858601,0.0985689,0.142583,0.184371
-59.95,0.103466,0.0863289,0.099237,0.14327,0.1852
-59.9,0.103913,0.0867998,0.099909,0.14396,0.18603
-59.85,0.10436,0.0872727,0.100585,0.144651,0.186861
-59.8,0.104809,0.0877477,0.101264,0.145345,0.187692
-59.75,0.105258,0.0882248,0.101948,0.14604,0.188524
-59.7,0.105709,0.088704,0.102636,0.146737,0.189356
-59.65,0.10616,0.0891853,0.103327,0.147435,0.190189
-59.6,0.106613,0.0896687,0.104022,0.148136,0.191023
-59.55,0.107066,0.0901542,0.104722,0.148838,0.191857
-59.5,0.107521,0.0906418,0.105425,0.149542,0.192692
-59.45,0.107976,0.0911316,0.106132,0.150248,0.193527
-59.4,0.108432,0.0916235,0.106844,0.150956,0.194363
-59.35,0.10889,0.0921175,0.107559,0.151665,0.195199
-59.3,0.109348,0.0926137,0.108278,0.152376,0.196036
-59.25,0.109807,0.093112,0.109002,0.153089,0.196873
-59.2,0.110267,0.0936125,0.109729,0.153804,0.19771
-59.15,0.110728,0.0941151,0.110461,0.154521,0.198548
-59.1,0.11119,0.0946199,0.111197,0.155239,0.199386
-59.05,0.111654,0.0951269,0.111937,0.155959,0.200224
-59,0.112118,0.0956361,0.112681,0.156681,0.201063
-58.95,0.112582,0.0961474,0.113429,0.157404,0.201901
-58.9,0.113048,0.0966609,0.114181,0.158129,0.20274
-58.85,0.113515,0.0971767,0.114938,0.158856,0.203579
-58.8,0.113983,0.0976946,0.115699,0.159585,0.204419
-58.75,0.114452,0.0982148,0.116464,0.160315,0.205258
-58.7,0.114921,0.0987371,0.117233,0.161048,0.206097
-58.65,0.115392,0.0992617,0.118007,0.161781,0.206937
-58.6,0.115863,0.0997886,0.118785,0.162517,0.207776
-58.55,0.116335,0.100318,0.119567,0.163254,0.208616
-58.5,0.116809,0.100849,0.120353,0.163993,0.209455
-58.45,0.117283,0.101382,0.121144,0.164733,0.210294
-58.4,0.117758,0.101918,0.121939,0.165475,0.211133
-58.35,0.118234,0.102456,0.122739,0.166219,0.211973
-58.3,0.118711,0.102997,0.123543,0.166964,0.212811
-58.25,0.119189,0.103539,0.124351,0.167712,0.21365
-58.2,0.119668,0.104084,0.125164,0.16846,0.214489
-58.15,0.120147,0.104631,0.125981,0.169211,0.215327
-58.1,0.120628,0.105181,0.126802,0.169963,0.216165
-58.05,0.121109,0.105732,0.127628,0.170716,0.217002
-58,0.121592,0.106286,0.128459,0.171471,0.21784
-57.95,0.122075,0.106843,0.129294,0.172228,0.218676
-57.9,0.122559,0.107401,0.130134,0.172986,0.219513
-57.85,0.123044,0.107962,0.130978,0.173746,0.220349
-57.8,0.12353,0.108526,0.131827,0.174508,0.221185
-57.75,0.124016,0.109091,0.13268,0.175271,0.22202
-57.7,0.124504,0.109659,0.133538,0.176035,0.222854
-57.65,0.124992,0.110229,0.1344,0.176802,0.223688
-57.6,0.125482,0.110802,0.135267,0.177569,0.224522
-57.55,0.125972,0.111377,0.136139,0.178339,0.225354
-57.5,0.126463,0.111954,0.137015,0.179109,0.226187
-57.45,0.126955,0.112534,0.137897,0.179882,0.227018
-57.4,0.127448,0.113116,0.138782,0.180656,0.227849
-57.35,0.127941,0.113701,0.139673,0.181431,0.228679
-57.3,0.128436,0.114287,0.140568,0.182208,0.229508
-57.25,0.128931,0.114876,0.141468,0.182986,0.230336
-57.2,0.129427,0.115468,0.142373,0.183766,0.231164
-57.15,0.129924,0.116062,0.143282,0.184547,0.231991
-57.1,0.130422,0.116658,0.144196,0.18533,0.232816
-57.05,0.130921,0.117257,0.145116,0.186114,0.233641
-57,0.131421,0.117858,0.146039,0.1869,0.234465
-56.95,0.131921,0.118462,0.146968,0.187687,0.235288
-56.9,0.132422,0.119068,0.147902,0.188476,0.23611
-56.85,0.132924,0.119676,0.14884,0.189266,0.236931
-56.8,0.133427,0.120287,0.149784,0.190057,0.237751
-56.75,0.133931,0.1209,0.150732,0.19085,0.23857
-56.7,0.134435,0.121516,0.151685,0.191644,0.239387
-56.65,0.13494,0.122134,0.152643,0.19244,0.240204
-56.6,0.135447,0.122755,0.153607,0.193237,0.241019
-56.55,0.135954,0.123378,0.154575,0.194035,0.241833
-56.5,0.136461,0.124003,0.155548,0.194835,0.242646
-56.45,0.13697,0.124631,0.156526,0.195636,0.243457
-56.4,0.137479,0.125262,0.157509,0.196439,0.244267
-56.35,0.137989,0.125895,0.158497,0.197243,0.245076
-56.3,0.1385,0.12653,0.159491,0.198048,0.245883
-56.25,0.139012,0.127168,0.160489,0.198854,0.246689
-56.2,0.139525,0.127808,0.161492,0.199662,0.247494
-56.15,0.140038,0.128451,0.162501,0.200471,0.248297
-56.1,0.140552,0.129096,0.163514,0.201282,0.249099
-56.05,0.141067,0.129744,0.164533,0.202094,0.249899
-56,0.141583,0.130395,0.165557,0.202907,0.250697
-55.95,0.1421,0.131047,0.166586,0.203721,0.251494
-55.9,0.142617,0.131703,0.167621,0.204537,0.252289
-55.85,0.143135,0.132361,0.16866,0.205354,0.253083
-55.8,0.143654,0.133021,0.169705,0.206172,0.253875
-55.75,0.144173,0.133684,0.170755,0.206992,0.254666
-55.7,0.144694,0.134349,0.17181,0.207812,0.255454
-55.65,0.145215,0.135017,0.17287,0.208634,0.256241
-55.6,0.145737,0.135688,0.173936,0.209457,0.257026
-55.55,0.14626,0.136361,0.175007,0.210282,0.25781
-55.5,0.146783,0.137036,0.176083,0.211108,0.258591
-55.45,0.147308,0.137714,0.177165,0.211934,0.259371
-55.4,0.147833,0.138395,0.178252,0.212762,0.260149
-55.35,0.148358,0.139078,0.179344,0.213592,0.260924
-55.3,0.148885,0.139764,0.180442,0.214422,0.261698
-55.25,0.149412,0.140452,0.181545,0.215254,0.26247
-55.2,0.14994,0.141143,0.182654,0.216086,0.26324
-55.15,0.150469,0.141837,0.183768,0.21692,0.264008
-55.1,0.150999,0.142533,0.184887,0.217755,0.264774
-55.05,0.151529,0.143231,0.186012,0.218592,0.265538
-55,0.15206,0.143933,0.187142,0.219429,0.2663
-54.95,0.152592,0.144636,0.188278,0.220268,0.26706
-54.9,0.153125,0.145343,0.189419,0.221107,0.267817
-54.85,0.153658,0.146052,0.190566,0.221948,0.268572
-54.8,0.154192,0.146763,0.191718,0.22279,0.269326
-54.75,0.154727,0.147477,0.192876,0.223633,0.270077
-54.7,0.155262,0.148194,0.194039,0.224477,0.270825
-54.65,0.155799,0.148914,0.195208,0.225322,0.271572
-54.6,0.156336,0.149636,0.196382,0.226168,0.272316
-54.55,0.156874,0.15036,0.197562,0.227016,0.273058
-54.5,0.157412,0.151087,0.198748,0.227864,0.273797
-54.45,0.157951,0.151817,0.199939,0.228714,0.274535
-54.4,0.158491,0.152549,0.201135,0.229564,0.27527
-54.35,0.159032,0.153284,0.202338,0.230416,0.276002
-54.3,0.159573,0.154022,0.203546,0.231268,0.276732
-54.25,0.160116,0.154762,0.204759,0.232122,0.27746
-54.2,0.160659,0.155505,0.205979,0.232976,0.278185
-54.15,0.161202,0.156251,0.207204,0.233832,0.278908
-54.1,0.161747,0.156999,0.208435,0.234689,0.279628
-54.05,0.162292,0.15775,0.209671,0.235547,0.280345
-54,0.162838,0.158503,0.210913,0.236405,0.281061
-53.95,0.163384,0.159259,0.212161,0.237265,0.281773
-53.9,0.163932,0.160018,0.213414,0.238126,0.282483
-53.85,0.16448,0.160779,0.214674,0.238987,0.283191
-53.8,0.165028,0.161543,0.215939,0.23985,0.283895
-53.75,0.165578,0.16231,0.21721,0.240713,0.284598
-53.7,0.166128,0.163079,0.218486,0.241578,0.285297
-53.65,0.166679,0.163851,0.219769,0.242444,0.285994
-53.6,0.167231,0.164625,0.221057,0.24331,0.286688
-53.55,0.167783,0.165403,0.222351,0.244178,0.28738
-53.5,0.168336,0.166183,0.223651,0.245046,0.288069
-53.45,0.16889,0.166965,0.224956,0.245915,0.288755
-53.4,0.169445,0.16775,0.226268,0.246785,0.289438
-53.35,0.17,0.168538,0.227585,0.247657,0.290119
-53.3,0.170556,0.169329,0.228908,0.248529,0.290797
-53.25,0.171113,0.170122,0.230237,0.249402,0.291472
-53.2,0.171671,0.170918,0.231572,0.250276,0.292144
-53.15,0.172229,0.171716,0.232913,0.25115,0.292813
-53.1,0.172788,0.172518,0.23426,0.252026,0.29348
-53.05,0.173348,0.173321,0.235612,0.252903,0.294144
-53,0.173908,0.174128,0.236971,0.25378,0.294805
-52.95,0.174469,0.174937,0.238335,0.254659,0.295463
-52.9,0.175031,0.175749,0.239705,0.255538,0.296118
-52.85,0.175594,0.176564,0.241082,0.256418,0.29677
-52.8,0.176157,0.177381,0.242464,0.257299,0.29742
-52.75,0.176721,0.178201,0.243852,0.258181,0.298066
-52.7,0.177286,0.179023,0.245246,0.259064,0.29871
-52.65,0.177852,0.179849,0.246646,0.259947,0.299351
-52.6,0.178418,0.180677,0.248051,0.260832,0.299989
-52.55,0.178985,0.181507,0.249463,0.261717,0.300624
-52.5,0.179553,0.182341,0.250881,0.262603,0.301255
-52.45,0.180122,0.183177,0.252305,0.26349,0.301884
-52.4,0.180691,0.184015,0.253735,0.264378,0.302511
-52.35,0.181261,0.184857,0.25517,0.265267,0.303134
-52.3,0.181832,0.185701,0.256612,0.266156,0.303754
-52.25,0.182404,0.186547,0.25806,0.267046,0.304371
-52.2,0.182976,0.187397,0.259513,0.267938,0.304985
-52.15,0.183549,0.188249,0.260973,0.26883,0.305596
-52.1,0.184123,0.189104,0.262439,0.269722,0.306204
-52.05,0.184697,0.189961,0.26391,0.270616,0.30681
-52,0.185273,0.190821,0.265388,0.271511,0.307412
-51.95,0.185849,0.191684,0.266871,0.272406,0.308011
-51.9,0.186426,0.19255,0.268361,0.273302,0.308607
-51.85,0.187003,0.193418,0.269857,0.274199,0.3092
-51.8,0.187582,0.194289,0.271358,0.275097,0.309791
-51.75,0.188161,0.195162,0.272866,0.275995,0.310378
-51.7,0.188741,0.196039,0.274379,0.276894,0.310962
-51.65,0.189322,0.196918,0.275899,0.277795,0.311543
-51.6,0.189903,0.197799,0.277425,0.278696,0.312122
-51.55,0.190486,0.198684,0.278956,0.279597,0.312697
-51.5,0.191069,0.199571,0.280494,0.2805,0.313269
-51.45,0.191653,0.20046,0.282037,0.281403,0.313838
-51.4,0.192238,0.201353,0.283587,0.282307,0.314405
-51.35,0.192823,0.202248,0.285142,0.283212,0.314968
-51.3,0.193409,0.203146,0.286704,0.284118,0.315528
-51.25,0.193997,0.204046,0.288272,0.285025,0.316086
-51.2,0.194584,0.204949,0.289845,0.285932,0.31664
-51.15,0.195173,0.205855,0.291425,0.28684,0.317192
-51.1,0.195763,0.206763,0.29301,0.287749,0.31774
-51.05,0.196353,0.207675,0.294601,0.288659,0.318286
-51,0.196944,0.208589,0.296199,0.289569,0.318828
-50.95,0.197536,0.209505,0.297802,0.290481,0.319368
-50.9,0.198129,0.210424,0.299411,0.291393,0.319905
-50.85,0.198723,0.211346,0.301027,0.292306,0.320439
-50.8,0.199317,0.212271,0.302648,0.29322,0.32097
-50.75,0.199913,0.213198,0.304275,0.294134,0.321498
-50.7,0.200509,0.214128,0.305908,0.295049,0.322023
-50.65,0.201106,0.215061,0.307547,0.295966,0.322545
-50.6,0.201704,0.215996,0.309192,0.296883,0.323065
-50.55,0.202303,0.216934,0.310843,0.2978,0.323581
-50.5,0.202902,0.217874,0.312499,0.298719,0.324095
-50.45,0.203503,0.218818,0.314162,0.299638,0.324606
-50.4,0.204104,0.219764,0.31583,0.300559,0.325114
-50.35,0.204707,0.220712,0.317504,0.30148,0.325619
-50.3,0.20531,0.221664,0.319185,0.302402,0.326122
-50.25,0.205914,0.222618,0.320871,0.303324,0.326622
-50.2,0.206519,0.223574,0.322562,0.304248,0.327119
-50.15,0.207125,0.224534,0.32426,0.305172,0.327613
-50.1,0.207731,0.225496,0.325963,0.306097,0.328105
-50.05,0.208339,0.22646,0.327672,0.307024,0.328594
-50,0.208948,0.227428,0.329387,0.30795,0.32908
-49.95,0.209557,0.228398,0.331108,0.308878,0.329564
-49.9,0.210167,0.22937,0.332835,0.309807,0.330045
-49.85,0.210779,0.230346,0.334567,0.310736,0.330523
-49.8,0.211391,0.231324,0.336305,0.311666,0.330999
-49.75,0.212004,0.232304,0.338048,0.312598,0.331472
-49.7,0.212619,0.233287,0.339798,0.31353,0.331943
-49.65,0.213234,0.234273,0.341553,0.314463,0.332411
-49.6,0.21385,0.235262,0.343313,0.315396,0.332877
-49.55,0.214467,0.236253,0.34508,0.316331,0.33334
-49.5,0.215085,0.237247,0.346851,0.317267,0.333801
-49.45,0.215704,0.238244,0.348629,0.318203,0.334259
-49.4,0.216324,0.239243,0.350412,0.31914,0.334715
-49.35,0.216945,0.240245,0.352201,0.320079,0.335168
-49.3,0.217567,0.241249,0.353995,0.321018,0.33562
-49.25,0.218191,0.242256,0.355794,0.321958,0.336068
-49.2,0.218815,0.243266,0.357599,0.322899,0.336515
-49.15,0.21944,0.244278,0.35941,0.323841,0.336959
-49.1,0.220066,0.245293,0.361226,0.324784,0.337401
-49.05,0.220693,0.246311,0.363048,0.325727,0.337841
-49,0.221321,0.247331,0.364875,0.326672,0.338279
-48.95,0.221951,0.248354,0.366707,0.327618,0.338714
-48.9,0.222581,0.24938,0.368544,0.328565,0.339148
-48.85,0.223213,0.250408,0.370387,0.329512,0.339579
-48.8,0.223845,0.251439,0.372236,0.330461,0.340008
-48.75,0.224479,0.252473,0.374089,0.331411,0.340435
-48.7,0.225113,0.253509,0.375948,0.332361,0.34086
-48.65,0.225749,0.254548,0.377812,0.333313,0.341284
-48.6,0.226386,0.255589,0.379681,0.334266,0.341705
-48.55,0.227024,0.256633,0.381556,0.335219,0.342124
-48.5,0.227663,0.25768,0.383435,0.336174,0.342542
-48.45,0.228304,0.258729,0.38532,0.33713,0.342958
-48.4,0.228945,0.259781,0.38721,0.338086,0.343371
-48.35,0.229588,0.260835,0.389104,0.339044,0.343784
-48.3,0.230232,0.261892,0.391004,0.340003,0.344194
-48.25,0.230877,0.262952,0.392909,0.340963,0.344603
-48.2,0.231523,0.264015,0.394819,0.341924,0.34501
-48.15,0.23217,0.26508,0.396733,0.342886,0.345415
-48.1,0.232819,0.266147,0.398653,0.34385,0.345819
-48.05,0.233468,0.267217,0.400577,0.344814,0.346222
-48,0.234119,0.26829,0.402506,0.34578,0.346623
-47.95,0.234772,0.269366,0.40444,0.346746,0.347022
-47.9,0.235425,0.270444,0.406379,0.347714,0.34742
-47.85,0.23608,0.271524,0.408323,0.348683,0.347817
-47.8,0.236736,0.272608,0.410271,0.349653,0.348213
-47.75,0.237393,0.273694,0.412223,0.350624,0.348607
-47.7,0.238051,0.274782,0.414181,0.351597,0.349
-47.65,0.238711,0.275873,0.416143,0.352571,0.349391
-47.6,0.239372,0.276967,0.418109,0.353545,0.349782
-47.55,0.240034,0.278063,0.42008,0.354522,0.350171
-47.5,0.240698,0.279162,0.422056,0.355499,0.35056
-47.45,0.241363,0.280264,0.424035,0.356478,0.350947
-47.4,0.24203,0.281368,0.42602,0.357457,0.351333
-47.35,0.242697,0.282475,0.428008,0.358439,0.351719
-47.3,0.243366,0.283584,0.430001,0.359421,0.352103
-47.25,0.244037,0.284696,0.431998,0.360405,0.352487
-47.2,0.244708,0.285811,0.433999,0.36139,0.35287
-47.15,0.245382,0.286928,0.436004,0.362376,0.353252
-47.1,0.246056,0.288048,0.438014,0.363364,0.353634
-47.05,0.246732,0.28917,0.440027,0.364353,0.354015
-47,0.24741,0.290295,0.442045,0.365343,0.354395
-46.95,0.248088,0.291423,0.444066,0.366335,0.354775
-46.9,0.248769,0.292553,0.446092,0.367328,0.355154
-46.85,0.249451,0.293686,0.448121,0.368323,0.355533
-46.8,0.250134,0.294821,0.450154,0.369319,0.355911
-46.75,0.250818,0.295959,0.452191,0.370316,0.356289
-46.7,0.251505,0.2971,0.454232,0.371315,0.356666
-46.65,0.252192,0.298243,0.456276,0.372315,0.357044
-46.6,0.252882,0.299389,0.458324,0.373317,0.357421
-46.55,0.253572,0.300538,0.460376,0.37432,0.357798
-46.5,0.254265,0.301689,0.462431,0.375325,0.358175
-46.45,0.254958,0.302842,0.464489,0.376331,0.358552
-46.4,0.255654,0.303999,0.466551,0.377339,0.358929
-46.35,0.256351,0.305157,0.468616,0.378348,0.359306
-46.3,0.257049,0.306319,0.470685,0.379359,0.359683
-46.25,0.257749,0.307483,0.472757,0.380371,0.36006
-46.2,0.258451,0.30865,0.474832,0.381385,0.360438
-46.15,0.259154,0.309819,0.47691,0.382401,0.360815
-46.1,0.259859,0.310991,0.478991,0.383418,0.361193
-46.05,0.260566,0.312165,0.481076,0.384437,0.361572
-46,0.261274,0.313343,0.483163,0.385457,0.361951
-45.95,0.261984,0.314522,0.485253,0.386479,0.36233
-45.9,0.262696,0.315705,0.487346,0.387503,0.36271
-45.85,0.263409,0.31689,0.489442,0.388529,0.36309
-45.8,0.264124,0.318077,0.491541,0.389556,0.363471
-45.75,0.264841,0.319268,0.493642,0.390585,0.363853
-45.7,0.26556,0.32046,0.495746,0.391615,0.364236
-45.65,0.26628,0.321656,0.497853,0.392648,0.364619
-45.6,0.267002,0.322854,0.499962,0.393682,0.365003
-45.55,0.267726,0.324055,0.502074,0.394718,0.365388
-45.5,0.268451,0.325258,0.504188,0.395756,0.365774
-45.45,0.269179,0.326464,0.506304,0.396795,0.366162
-45.4,0.269908,0.327673,0.508422,0.397836,0.36655
-45.35,0.270639,0.328884,0.510543,0.39888,0.366939
-45.3,0.271372,0.330098,0.512666,0.399925,0.36733
-45.25,0.272107,0.331314,0.514791,0.400972,0.367722
-45.2,0.272843,0.332533,0.516918,0.40202,0.368115
-45.15,0.273582,0.333755,0.519046,0.403071,0.36851
-45.1,0.274322,0.33498,0.521177,0.404124,0.368906
-45.05,0.275064,0.336207,0.52331,0.405178,0.369303
-45,0.275808,0.337436,0.525444,0.406235,0.369702
-44.95,0.276555,0.338669,0.52758,0.407293,0.370103
-44.9,0.277303,0.339904,0.529717,0.408353,0.370505
-44.85,0.278053,0.341141,0.531856,0.409416,0.370909
-44.8,0.278805,0.342382,0.533997,0.41048,0.371315
-44.75,0.279559,0.343625,0.536139,0.411547,0.371723
-44.7,0.280315,0.34487,0.538282,0.412615,0.372132
-44.65,0.281073,0.346119,0.540427,0.413686,0.372544
-44.6,0.281833,0.34737,0.542572,0.414759,0.372957
-44.55,0.282595,0.348623,0.544719,0.415833,0.373373
-44.5,0.283359,0.34988,0.546867,0.41691,0.37379
-44.45,0.284125,0.351139,0.549016,0.417989,0.37421
-44.4,0.284894,0.352401,0.551166,0.41907,0.374632
-44.35,0.285664,0.353665,0.553316,0.420153,0.375057
-44.3,0.286437,0.354932,0.555468,0.421239,0.375483
-44.25,0.287212,0.356202,0.55762,0.422326,0.375913
-44.2,0.287988,0.357474,0.559772,0.423416,0.376344
-44.15,0.288767,0.35875,0.561926,0.424508,0.376778
-44.1,0.289549,0.360027,0.564079,0.425602,0.377215
-44.05,0.290332,0.361308,0.566233,0.426699,0.377654
-44,0.291117,0.362591,0.568388,0.427798,0.378096
-43.95,0.291905,0.363878,0.570542,0.428899,0.378541
-43.9,0.292695,0.365166,0.572697,0.430002,0.378989
-43.85,0.293488,0.366458,0.574852,0.431107,0.379439
-43.8,0.294282,0.367752,0.577007,0.432215,0.379892
-43.75,0.295079,0.369049,0.579162,0.433326,0.380349
-43.7,0.295878,0.370349,0.581317,0.434438,0.380808
-43.65,0.296679,0.371651,0.583471,0.435553,0.38127
-43.6,0.297483,0.372956,0.585626,0.43667,0.381736
-43.55,0.298289,0.374264,0.587779,0.43779,0.382205
-43.5,0.299098,0.375575,0.589933,0.438912,0.382677
-43.45,0.299908,0.376889,0.592086,0.440037,0.383152
-43.4,0.300722,0.378205,0.594238,0.441164,0.38363
-43.35,0.301537,0.379524,0.59639,0.442293,0.384112
-43.3,0.302355,0.380846,0.598541,0.443425,0.384598
-43.25,0.303175,0.38217,0.600691,0.444559,0.385087
-43.2,0.303998,0.383498,0.60284,0.445696,0.385579
-43.15,0.304823,0.384828,0.604989,0.446835,0.386076
-43.1,0.305651,0.386161,0.607136,0.447977,0.386575
-43.05,0.306481,0.387497,0.609282,0.449121,0.387079
-43,0.307314,0.388835,0.611427,0.450268,0.387586
-42.95,0.308149,0.390177,0.61357,0.451418,0.388097
-42.9,0.308987,0.391521,0.615712,0.45257,0.388612
-42.85,0.309827,0.392868,0.617853,0.453724,0.389131
-42.8,0.31067,0.394218,0.619992,0.454881,0.389654
-42.75,0.311516,0.39557,0.62213,0.456041,0.390181
-42.7,0.312364,0.396926,0.624266,0.457203,0.390712
-42.65,0.313214,0.398284,0.6264,0.458368,0.391247
-42.6,0.314067,0.399646,0.628532,0.459536,0.391787
-42.55,0.314923,0.40101,0.630663,0.460706,0.39233
-42.5,0.315782,0.402377,0.632791,0.461879,0.392878
-42.45,0.316643,0.403747,0.634917,0.463055,0.39343
-42.4,0.317507,0.40512,0.637041,0.464233,0.393987
-42.35,0.318373,0.406495,0.639163,0.465414,0.394547
-42.3,0.319242,0.407874,0.641283,0.466597,0.395113
-42.25,0.320114,0.409255,0.6434,0.467784,0.395683
-42.2,0.320989,0.41064,0.645515,0.468973,0.396257
-42.15,0.321866,0.412027,0.647627,0.470165,0.396836
-42.1,0.322746,0.413417,0.649736,0.471359,0.39742
-42.05,0.323629,0.41481,0.651843,0.472556,0.398008
-42,0.324515,0.416206,0.653947,0.473756,0.398601
-41.95,0.325403,0.417605,0.656048,0.474959,0.399199
-41.9,0.326294,0.419007,0.658146,0.476164,0.399801
-41.85,0.327189,0.420412,0.660241,0.477373,0.400409
-41.8,0.328085,0.42182,0.662333,0.478584,0.401021
-41.75,0.328985,0.42323,0.664422,0.479798,0.401638
-41.7,0.329888,0.424644,0.666507,0.481014,0.40226
-41.65,0.330794,0.426061,0.668589,0.482234,0.402887
-41.6,0.331702,0.427481,0.670668,0.483456,0.40352
-41.55,0.332613,0.428903,0.672743,0.484681,0.404157
-41.5,0.333528,0.430329,0.674815,0.485909,0.404799
-41.45,0.334445,0.431758,0.676883,0.48714,0.405447
-41.4,0.335365,0.433189,0.678947,0.488373,0.406099
-41.35,0.336288,0.434624,0.681007,0.48961,0.406757
-41.3,0.337214,0.436062,0.683064,0.490849,0.407421
-41.25,0.338143,0.437503,0.685116,0.492091,0.408089
-41.2,0.339075,0.438946,0.687165,0.493336,0.408763
-41.15,0.340011,0.440393,0.689209,0.494583,0.409442
-41.1,0.340949,0.441843,0.691249,0.495834,0.410126
-41.05,0.34189,0.443296,0.693285,0.497088,0.410816
-41,0.342834,0.444752,0.695316,0.498344,0.411512
-40.95,0.343781,0.446211,0.697343,0.499603,0.412213
-40.9,0.344732,0.447673,0.699366,0.500865,0.412919
-40.85,0.345685,0.449138,0.701384,0.50213,0.413631
-40.8,0.346642,0.450606,0.703397,0.503398,0.414348
-40.75,0.347602,0.452078,0.705406,0.504669,0.415071
-40.7,0.348564,0.453552,0.70741,0.505942,0.4158
-40.65,0.34953,0.45503,0.709409,0.507219,0.416534
-40.6,0.3505,0.456511,0.711403,0.508498,0.417274
-40.55,0.351472,0.457994,0.713392,0.50978,0.418019
-40.5,0.352447,0.459481,0.715376,0.511065,0.41877
-40.45,0.353426,0.460971,0.717355,0.512353,0.419527
-40.4,0.354408,0.462464,0.719328,0.513644,0.42029
-40.35,0.355393,0.463961,0.721296,0.514938,0.421058
-40.3,0.356382,0.46546,0.723259,0.516234,0.421833
-40.25,0.357373,0.466963,0.725217,0.517534,0.422613
-40.2,0.358368,0.468469,0.727169,0.518836,0.423398
-40.15,0.359366,0.469977,0.729115,0.520141,0.42419
-40.1,0.360367,0.47149,0.731056,0.521449,0.424987
-40.05,0.361372,0.473005,0.732991,0.52276,0.425791
-40,0.36238,0.474523,0.73492,0.524073,0.4266
-39.95,0.363391,0.476045,0.736843,0.52539,0.427415
-39.9,0.364406,0.47757,0.738761,0.526709,0.428236
-39.85,0.365424,0.479098,0.740672,0.528031,0.429062
-39.8,0.366445,0.480629,0.742578,0.529356,0.429895
-39.75,0.36747,0.482163,0.744477,0.530684,0.430734
-39.7,0.368498,0.483701,0.746371,0.532015,0.431578
-39.65,0.369529,0.485242,0.748258,0.533348,0.432429
-39.6,0.370564,0.486786,0.750138,0.534684,0.433285
-39.55,0.371602,0.488333,0.752013,0.536023,0.434148
-39.5,0.372643,0.489884,0.753881,0.537365,0.435016
-39.45,0.373688,0.491438,0.755742,0.53871,0.43589
-39.4,0.374736,0.492995,0.757597,0.540057,0.43677
-39.35,0.375788,0.494555,0.759445,0.541407,0.437656
-39.3,0.376843,0.496118,0.761287,0.54276,0.438548
-39.25,0.377902,0.497685,0.763122,0.544115,0.439446
-39.2,0.378964,0.499255,0.76495,0.545473,0.44035
-39.15,0.38003,0.500828,0.766771,0.546834,0.44126
-39.1,0.381099,0.502405,0.768586,0.548198,0.442176
-39.05,0.382171,0.503985,0.770393,0.549564,0.443098
-39,0.383247,0.505568,0.772194,0.550933,0.444026
-38.95,0.384326,0.507154,0.773987,0.552305,0.444959
-38.9,0.385409,0.508743,0.775774,0.553679,0.445899
-38.85,0.386496,0.510336,0.777553,0.555056,0.446844
-38.8,0.387586,0.511933,0.779325,0.556435,0.447796
-38.75,0.388679,0.513532,0.78109,0.557818,0.448753
-38.7,0.389776,0.515135,0.782848,0.559202,0.449716
-38.65,0.390877,0.516741,0.784598,0.560589,0.450685
-38.6,0.391981,0.51835,0.78634,0.561979,0.45166
-38.55,0.393088,0.519963,0.788076,0.563372,0.452641
-38.5,0.3942,0.521579,0.789804,0.564766,0.453627
-38.45,0.395314,0.523198,0.791524,0.566164,0.454619
-38.4,0.396433,0.52482,0.793237,0.567563,0.455617
-38.35,0.397555,0.526446,0.794942,0.568966,0.456621
-38.3,0.39868,0.528075,0.796639,0.57037,0.457631
-38.25,0.399809,0.529707,0.798329,0.571777,0.458646
-38.2,0.400942,0.531343,0.800011,0.573187,0.459667
-38.15,0.402078,0.532982,0.801685,0.574599,0.460693
-38.1,0.403218,0.534624,0.803351,0.576013,0.461726
-38.05,0.404361,0.53627,0.805009,0.57743,0.462764
-38,0.405508,0.537919,0.80666,0.578849,0.463807
-37.95,0.406659,0.539571,0.808302,0.58027,0.464856
-37.9,0.407813,0.541227,0.809937,0.581693,0.465911
-37.85,0.408971,0.542885,0.811563,0.583119,0.466971
-37.8,0.410132,0.544548,0.813182,0.584547,0.468036
-37.75,0.411297,0.546213,0.814792,0.585977,0.469107
-37.7,0.412466,0.547882,0.816394,0.587409,0.470184
-37.65,0.413638,0.549554,0.817988,0.588844,0.471266
-37.6,0.414814,0.551229,0.819574,0.59028,0.472353
-37.55,0.415994,0.552908,0.821152,0.591719,0.473446
-37.5,0.417177,0.55459,0.822721,0.59316,0.474543
-37.45,0.418364,0.556275,0.824282,0.594603,0.475646
-37.4,0.419554,0.557963,0.825835,0.596047,0.476755
-37.35,0.420749,0.559655,0.82738,0.597494,0.477868
-37.3,0.421946,0.56135,0.828916,0.598943,0.478987
-37.25,0.423148,0.563048,0.830443,0.600394,0.48011
-37.2,0.424353,0.56475,0.831963,0.601846,0.481239
-37.15,0.425561,0.566455,0.833473,0.603301,0.482373
-37.1,0.426774,0.568163,0.834976,0.604757,0.483511
-37.05,0.42799,0.569874,0.83647,0.606215,0.484655
-37,0.429209,0.571589,0.837955,0.607675,0.485803
-36.95,0.430432,0.573307,0.839432,0.609137,0.486957
-36.9,0.431659,0.575028,0.8409,0.610601,0.488115
-36.85,0.43289,0.576752,0.84236,0.612066,0.489277
-36.8,0.434124,0.57848,0.843811,0.613533,0.490445
-36.75,0.435361,0.580211,0.845254,0.615001,0.491617
-36.7,0.436603,0.581945,0.846688,0.616471,0.492793
-36.65,0.437848,0.583682,0.848113,0.617943,0.493974
-36.6,0.439096,0.585422,0.84953,0.619416,0.49516
-36.55,0.440348,0.587166,0.850938,0.62089,0.49635
-36.5,0.441604,0.588913,0.852337,0.622366,0.497544
-36.45,0.442864,0.590663,0.853728,0.623844,0.498743
-36.4,0.444127,0.592416,0.85511,0.625323,0.499946
-36.35,0.445393,0.594172,0.856483,0.626803,0.501153
-36.3,0.446663,0.595932,0.857848,0.628285,0.502364
-36.25,0.447937,0.597695,0.859204,0.629768,0.50358
-36.2,0.449215,0.599461,0.860551,0.631252,0.504799
-36.15,0.450495,0.60123,0.861889,0.632737,0.506022
-36.1,0.45178,0.603002,0.863219,0.634224,0.50725
-36.05,0.453068,0.604777,0.86454,0.635711,0.508481
-36,0.45436,0.606555,0.865853,0.6372,0.509715
-35.95,0.455655,0.608337,0.867156,0.63869,0.510954
-35.9,0.456954,0.610121,0.868451,0.640181,0.512196
-35.85,0.458256,0.611909,0.869738,0.641673,0.513442
-35.8,0.459562,0.613699,0.871015,0.643166,0.514691
-35.75,0.460871,0.615493,0.872284,0.644659,0.515944
-35.7,0.462184,0.61729,0.873544,0.646154,0.5172
-35.65,0.4635,0.619089,0.874795,0.647649,0.518459
-35.6,0.46482,0.620892,0.876038,0.649146,0.519721
-35.55,0.466143,0.622698,0.877272,0.650643,0.520987
-35.5,0.46747,0.624506,0.878497,0.65214,0.522256
-35.45,0.4688,0.626318,0.879714,0.653639,0.523528
-35.4,0.470134,0.628133,0.880922,0.655138,0.524803
-35.35,0.471471,0.62995,0.882121,0.656637,0.52608
-35.3,0.472812,0.631771,0.883312,0.658137,0.527361
-35.25,0.474156,0.633594,0.884494,0.659638,0.528644
-35.2,0.475503,0.63542,0.885667,0.661139,0.52993
-35.15,0.476854,0.63725,0.886832,0.662641,0.531219
-35.1,0.478208,0.639082,0.887988,0.664143,0.53251
-35.05,0.479566,0.640917,0.889135,0.665645,0.533803
-35,0.480927,0.642754,0.890274,0.667147,0.535099
-34.95,0.482291,0.644595,0.891405,0.66865,0.536397
-34.9,0.483659,0.646438,0.892527,0.670153,0.537697
-34.85,0.48503,0.648284,0.89364,0.671656,0.539
-34.8,0.486404,0.650133,0.894745,0.67316,0.540304
-34.75,0.487782,0.651984,0.895842,0.674663,0.541611
-34.7,0.489163,0.653839,0.89693,0.676167,0.542919
-34.65,0.490547,0.655696,0.898009,0.67767,0.54423
-34.6,0.491934,0.657555,0.89908,0.679173,0.545542
-34.55,0.493325,0.659418,0.900143,0.680677,0.546855
-34.5,0.494719,0.661283,0.901198,0.68218,0.548171
-34.45,0.496116,0.66315,0.902244,0.683683,0.549487
-34.4,0.497516,0.665021,0.903282,0.685185,0.550806
-34.35,0.498919,0.666893,0.904311,0.686688,0.552125
-34.3,0.500326,0.668769,0.905332,0.68819,0.553446
-34.25,0.501735,0.670646,0.906345,0.689692,0.554768
-34.2,0.503148,0.672527,0.90735,0.691193,0.556091
-34.15,0.504564,0.67441,0.908347,0.692694,0.557415
-34.1,0.505983,0.676295,0.909336,0.694194,0.55874
-34.05,0.507405,0.678183,0.910316,0.695694,0.560066
-34,0.50883,0.680073,0.911288,0.697194,0.561393
-33.95,0.510258,0.681966,0.912253,0.698692,0.562721
-33.9,0.511689,0.683861,0.913209,0.70019,0.564049
-33.85,0.513123,0.685758,0.914158,0.701688,0.565377
-33.8,0.51456,0.687657,0.915098,0.703184,0.566706
-33.75,0.516,0.689559,0.916031,0.70468,0.568035
-33.7,0.517443,0.691464,0.916955,0.706175,0.569365
-33.65,0.518889,0.69337,0.917872,0.707669,0.570695
-33.6,0.520337,0.695279,0.918782,0.709162,0.572025
-33.55,0.521789,0.69719,0.919683,0.710654,0.573355
-33.5,0.523243,0.699103,0.920577,0.712145,0.574685
-33.45,0.5247,0.701018,0.921463,0.713635,0.576015
-33.4,0.52616,0.702935,0.922341,0.715124,0.577344
-33.35,0.527622,0.704854,0.923212,0.716611,0.578674
-33.3,0.529088,0.706776,0.924075,0.718098,0.580003
-33.25,0.530556,0.708699,0.924931,0.719583,0.581331
-33.2,0.532026,0.710625,0.925779,0.721067,0.582659
-33.15,0.5335,0.712552,0.92662,0.72255,0.583986
-33.1,0.534976,0.714482,0.927454,0.724031,0.585313
-33.05,0.536454,0.716413,0.92828,0.725511,0.586639
-33,0.537935,0.718346,0.929099,0.726989,0.587964
-32.95,0.539419,0.720281,0.929911,0.728466,0.589288
-32.9,0.540905,0.722218,0.930715,0.729942,0.59061
-32.85,0.542394,0.724156,0.931513,0.731415,0.591932
-32.8,0.543885,0.726097,0.932303,0.732888,0.593253
-32.75,0.545379,0.728039,0.933086,0.734358,0.594572
-32.7,0.546875,0.729983,0.933863,0.735827,0.59589
-32.65,0.548373,0.731928,0.934632,0.737294,0.597207
-32.6,0.549874,0.733875,0.935394,0.738759,0.598522
-32.55,0.551377,0.735824,0.93615,0.740223,0.599835
-32.5,0.552882,0.737774,0.936899,0.741684,0.601147
-32.45,0.55439,0.739726,0.937641,0.743144,0.602457
-32.4,0.5559,0.741679,0.938376,0.744602,0.603765
-32.35,0.557412,0.743634,0.939105,0.746057,0.605072
-32.3,0.558926,0.74559,0.939827,0.747511,0.606376
-32.25,0.560443,0.747547,0.940543,0.748963,0.607678
-32.2,0.561961,0.749506,0.941252,0.750412,0.608978
-32.15,0.563482,0.751467,0.941954,0.751859,0.610276
-32.1,0.565005,0.753428,0.942651,0.753305,0.611572
-32.05,0.566529,0.755391,0.943341,0.754748,0.612865
-32,0.568056,0.757355,0.944024,0.756188,0.614156
-31.95,0.569585,0.75932,0.944702,0.757627,0.615444
-31.9,0.571115,0.761286,0.945373,0.759063,0.61673
-31.85,0.572647,0.763254,0.946038,0.760497,0.618013
-31.8,0.574182,0.765222,0.946698,0.761928,0.619293
-31.75,0.575718,0.767192,0.947351,0.763357,0.62057
-31.7,0.577256,0.769162,0.947998,0.764783,0.621845
-31.65,0.578795,0.771134,0.948639,0.766207,0.623117
-31.6,0.580337,0.773106,0.949275,0.767629,0.624385
-31.55,0.58188,0.77508,0.949905,0.769048,0.625651
-31.5,0.583424,0.777054,0.950529,0.770464,0.626914
-31.45,0.584971,0.779029,0.951147,0.771878,0.628173
-31.4,0.586519,0.781004,0.95176,0.773289,0.629429
-31.35,0.588068,0.782981,0.952367,0.774697,0.630681
-31.3,0.589619,0.784958,0.952969,0.776103,0.631931
-31.25,0.591171,0.786936,0.953565,0.777506,0.633176
-31.2,0.592725,0.788914,0.954156,0.778906,0.634419
-31.15,0.59428,0.790893,0.954742,0.780303,0.635657
-31.1,0.595837,0.792873,0.955322,0.781698,0.636892
-31.05,0.597394,0.794853,0.955898,0.783089,0.638123
-31,0.598954,0.796833,0.956468,0.784478,0.639351
-30.95,0.600514,0.798814,0.957033,0.785864,0.640575
-30.9,0.602075,0.800796,0.957593,0.787247,0.641794
-30.85,0.603638,0.802777,0.958148,0.788627,0.64301
-30.8,0.605202,0.804759,0.958698,0.790004,0.644222
-30.75,0.606767,0.806741,0.959244,0.791378,0.645429
-30.7,0.608333,0.808724,0.959784,0.792749,0.646633
-30.65,0.6099,0.810706,0.96032,0.794117,0.647832
-30.6,0.611468,0.812689,0.960851,0.795482,0.649028
-30.55,0.613037,0.814671,0.961378,0.796843,0.650218
-30.5,0.614606,0.816654,0.9619,0.798202,0.651405
-30.45,0.616177,0.818637,0.962418,0.799558,0.652587
-30.4,0.617748,0.82062,0.962931,0.80091,0.653765
-30.35,0.619321,0.822602,0.96344,0.802259,0.654938
-30.3,0.620894,0.824585,0.963944,0.803605,0.656107
-30.25,0.622467,0.826567,0.964444,0.804948,0.657271
-30.2,0.624041,0.828549,0.96494,0.806288,0.658431
-30.15,0.625616,0.830531,0.965432,0.807624,0.659585
-30.1,0.627192,0.832512,0.96592,0.808957,0.660736
-30.05,0.628767,0.834494,0.966404,0.810287,0.661881
-30,0.630344,0.836474,0.966884,0.811614,0.663022
-29.95,0.631921,0.838455,0.96736,0.812937,0.664157
-29.9,0.633498,0.840435,0.967832,0.814257,0.665288
-29.85,0.635075,0.842414,0.968301,0.815574,0.666414
-29.8,0.636653,0.844393,0.968766,0.816887,0.667535
-29.75,0.638231,0.846371,0.969227,0.818197,0.668651
-29.7,0.63981,0.848349,0.969684,0.819504,0.669762
-29.65,0.641388,0.850325,0.970138,0.820807,0.670868
-29.6,0.642967,0.852302,0.970589,0.822107,0.671969
-29.55,0.644546,0.854277,0.971036,0.823404,0.673065
-29.5,0.646124,0.856251,0.97148,0.824698,0.674156
-29.45,0.647703,0.858225,0.97192,0.825988,0.675241
-29.4,0.649282,0.860198,0.972357,0.827274,0.676321
-29.35,0.650861,0.862169,0.972791,0.828557,0.677396
-29.3,0.652439,0.86414,0.973222,0.829837,0.678466
-29.25,0.654018,0.86611,0.97365,0.831114,0.67953
-29.2,0.655596,0.868078,0.974075,0.832387,0.680589
-29.15,0.657174,0.870046,0.974496,0.833657,0.681643
-29.1,0.658751,0.872012,0.974915,0.834923,0.682691
-29.05,0.660329,0.873977,0.975331,0.836186,0.683734
-29,0.661905,0.875941,0.975744,0.837446,0.684772
-28.95,0.663482,0.877903,0.976155,0.838702,0.685804
-28.9,0.665058,0.879864,0.976563,0.839955,0.686831
-28.85,0.666633,0.881824,0.976968,0.841204,0.687852
-28.8,0.668208,0.883782,0.97737,0.842451,0.688868
-28.75,0.669782,0.885738,0.97777,0.843693,0.689878
-28.7,0.671356,0.887693,0.978168,0.844933,0.690883
-28.65,0.672929,0.889647,0.978563,0.846169,0.691882
-28.6,0.674501,0.891599,0.978956,0.847402,0.692876
-28.55,0.676073,0.893549,0.979346,0.848631,0.693864
-28.5,0.677643,0.895497,0.979734,0.849858,0.694846
-28.45,0.679213,0.897444,0.98012,0.851081,0.695823
-28.4,0.680781,0.899388,0.980504,0.8523,0.696795
-28.35,0.682349,0.901331,0.980886,0.853517,0.69776
-28.3,0.683916,0.903272,0.981265,0.85473,0.698721
-28.25,0.685482,0.905211,0.981643,0.85594,0.699675
-28.2,0.687046,0.907148,0.982019,0.857146,0.700624
-28.15,0.68861,0.909083,0.982392,0.85835,0.701567
-28.1,0.690172,0.911016,0.982764,0.85955,0.702505
-28.05,0.691733,0.912947,0.983134,0.860747,0.703437
-28,0.693293,0.914875,0.983503,0.861941,0.704364
-27.95,0.694851,0.916801,0.983869,0.863132,0.705285
-27.9,0.696408,0.918725,0.984234,0.86432,0.7062
-27.85,0.697964,0.920647,0.984597,0.865504,0.707109
-27.8,0.699518,0.922566,0.984959,0.866686,0.708013
-27.75,0.701071,0.924483,0.985319,0.867865,0.708912
-27.7,0.702622,0.926397,0.985678,0.86904,0.709805
-27.65,0.704172,0.928309,0.986035,0.870212,0.710692
-27.6,0.70572,0.930218,0.986391,0.871382,0.711573
-27.55,0.707266,0.932125,0.986745,0.872548,0.712449
-27.5,0.70881,0.934029,0.987098,0.873712,0.71332
-27.45,0.710353,0.93593,0.98745,0.874873,0.714184
-27.4,0.711894,0.937829,0.987801,0.876031,0.715044
-27.35,0.713433,0.939724,0.98815,0.877186,0.715897
-27.3,0.71497,0.941617,0.988499,0.878338,0.716745
-27.25,0.716506,0.943507,0.988846,0.879487,0.717588
-27.2,0.718039,0.945394,0.989192,0.880634,0.718425
-27.15,0.71957,0.947278,0.989537,0.881778,0.719256
-27.1,0.721099,0.949159,0.989881,0.882919,0.720082
-27.05,0.722626,0.951037,0.990224,0.884057,0.720903
-27,0.724151,0.952912,0.990567,0.885193,0.721718
-26.95,0.725674,0.954784,0.990908,0.886326,0.722527
-26.9,0.727194,0.956653,0.991249,0.887457,0.723332
-26.85,0.728713,0.958518,0.991588,0.888585,0.72413
-26.8,0.730228,0.96038,0.991927,0.889711,0.724924
-26.75,0.731742,0.962238,0.992266,0.890834,0.725711
-26.7,0.733253,0.964094,0.992603,0.891955,0.726494
-26.65,0.734762,0.965945,0.99294,0.893073,0.727271
-26.6,0.736268,0.967794,0.993277,0.894189,0.728043
-26.55,0.737771,0.969639,0.993612,0.895303,0.728809
-26.5,0.739273,0.97148,0.993948,0.896414,0.729571
-26.45,0.740771,0.973317,0.994282,0.897524,0.730326
-26.4,0.742267,0.975151,0.994617,0.898631,0.731077
-26.35,0.74376,0.976982,0.99495,0.899736,0.731823
-26.3,0.74525,0.978808,0.995284,0.900838,0.732563
-26.25,0.746738,0.980631,0.995616,0.901939,0.733298
-26.2,0.748222,0.98245,0.995949,0.903038,0.734028
-26.15,0.749704,0.984265,0.996281,0.904134,0.734752
-26.1,0.751183,0.986076,0.996613,0.905229,0.735472
-26.05,0.752659,0.987883,0.996945,0.906322,0.736187
-26,0.754133,0.989686,0.997276,0.907412,0.736896
-25.95,0.755603,0.991485,0.997607,0.908502,0.7376
-25.9,0.75707,0.99328,0.997938,0.909589,0.7383
-25.85,0.758534,0.995071,0.998269,0.910674,0.738994
-25.8,0.759994,0.996857,0.998599,0.911758,0.739684
-25.75,0.761452,0.998639,0.99893,0.912841,0.740368
-25.7,0.762906,1.00042,0.99926,0.913921,0.741048
-25.65,0.764358,1.00219,0.999591,0.915,0.741723
-25.6,0.765806,1.00396,0.999921,0.916078,0.742392
-25.55,0.76725,1.00573,1.00025,0.917154,0.743058
-25.5,0.768691,1.00749,1.00058,0.918229,0.743718
-25.45,0.770129,1.00924,1.00091,0.919302,0.744373
-25.4,0.771564,1.01099,1.00124,0.920374,0.745024
-25.35,0.772995,1.01274,1.00157,0.921445,0.74567
-25.3,0.774422,1.01448,1.0019,0.922514,0.746311
-25.25,0.775846,1.01622,1.00223,0.923583,0.746948
-25.2,0.777267,1.01795,1.00256,0.92465,0.74758
-25.15,0.778683,1.01968,1.00289,0.925716,0.748208
-25.1,0.780097,1.0214,1.00322,0.926781,0.748831
-25.05,0.781506,1.02312,1.00356,0.927845,0.749449
-25,0.782912,1.02483,1.00389,0.928908,0.750063
-24.95,0.784314,1.02654,1.00422,0.929971,0.750672
-24.9,0.785712,1.02825,1.00455,0.931032,0.751277
-24.85,0.787107,1.02994,1.00488,0.932093,0.751878
-24.8,0.788497,1.03164,1.00521,0.933153,0.752474
-24.75,0.789884,1.03333,1.00555,0.934212,0.753066
-24.7,0.791267,1.03501,1.00588,0.93527,0.753653
-24.65,0.792646,1.03669,1.00621,0.936328,0.754236
-24.6,0.794021,1.03836,1.00654,0.937386,0.754815
-24.55,0.795392,1.04003,1.00688,0.938443,0.75539
-24.5,0.796759,1.04169,1.00721,0.939499,0.75596
-24.45,0.798122,1.04334,1.00754,0.940555,0.756526
-24.4,0.799481,1.045,1.00788,0.941611,0.757088
-24.35,0.800836,1.04664,1.00821,0.942667,0.757646
-24.3,0.802187,1.04828,1.00855,0.943722,0.7582
-24.25,0.803533,1.04992,1.00888,0.944777,0.75875
-24.2,0.804875,1.05154,1.00922,0.945832,0.759295
-24.15,0.806213,1.05317,1.00955,0.946886,0.759837
-24.1,0.807547,1.05478,1.00989,0.947941,0.760375
-24.05,0.808877,1.0564,1.01023,0.948996,0.760908
-24,0.810202,1.058,1.01057,0.95005,0.761438
-23.95,0.811523,1.0596,1.0109,0.951105,0.761964
-23.9,0.81284,1.0612,1.01124,0.95216,0.762486
-23.85,0.814152,1.06279,1.01158,0.953215,0.763004
-23.8,0.81546,1.06437,1.01192,0.95427,0.763519
-23.75,0.816763,1.06594,1.01226,0.955326,0.764029
-23.7,0.818062,1.06752,1.0126,0.956382,0.764536
-23.65,0.819356,1.06908,1.01294,0.957438,0.765039
-23.6,0.820646,1.07064,1.01328,0.958495,0.765538
-23.55,0.821931,1.07219,1.01362,0.959552,0.766034
-23.5,0.823212,1.07374,1.01396,0.96061,0.766526
-23.45,0.824488,1.07528,1.0143,0.961668,0.767014
-23.4,0.82576,1.07681,1.01464,0.962727,0.767499
-23.35,0.827027,1.07834,1.01498,0.963786,0.76798
-23.3,0.828289,1.07986,1.01533,0.964846,0.768457
-23.25,0.829547,1.08137,1.01567,0.965907,0.768931
-23.2,0.8308,1.08288,1.01601,0.966968,0.769402
-23.15,0.832048,1.08438,1.01636,0.968031,0.769868
-23.1,0.833292,1.08588,1.0167,0.969094,0.770332
-23.05,0.834531,1.08736,1.01705,0.970158,0.770792
-23,0.835765,1.08885,1.01739,0.971223,0.771248
-22.95,0.836994,1.09032,1.01774,0.972289,0.771701
-22.9,0.838219,1.09179,1.01808,0.973355,0.772151
-22.85,0.839438,1.09325,1.01843,0.974423,0.772597
-22.8,0.840653,1.09471,1.01878,0.975492,0.77304
-22.75,0.841863,1.09615,1.01912,0.976563,0.77348
-22.7,0.843068,1.0976,1.01947,0.977634,0.773916
-22.65,0.844268,1.09903,1.01982,0.978706,0.774349
-22.6,0.845463,1.10046,1.02017,0.97978,0.774779
-22.55,0.846654,1.10188,1.02051,0.980855,0.775205
-22.5,0.847839,1.10329,1.02086,0.981931,0.775629
-22.45,0.84902,1.1047,1.02121,0.983009,0.776048
-22.4,0.850195,1.1061,1.02156,0.984087,0.776465
-22.35,0.851366,1.10749,1.02191,0.985168,0.776879
-22.3,0.852531,1.10887,1.02226,0.986249,0.777289
-22.25,0.853691,1.11025,1.02261,0.987333,0.777696
-22.2,0.854847,1.11162,1.02296,0.988417,0.7781
-22.15,0.855997,1.11299,1.02331,0.989503,0.778501
-22.1,0.857143,1.11434,1.02367,0.990591,0.778899
-22.05,0.858283,1.11569,1.02402,0.99168,0.779293
-22,0.859418,1.11703,1.02437,0.992771,0.779685
-21.95,0.860548,1.11837,1.02472,0.993863,0.780073
-21.9,0.861673,1.11969,1.02507,0.994957,0.780459
-21.85,0.862793,1.12101,1.02543,0.996053,0.780841
-21.8,0.863908,1.12232,1.02578,0.99715,0.78122
-21.75,0.865017,1.12363,1.02613,0.998249,0.781597
-21.7,0.866122,1.12492,1.02649,0.99935,0.78197
-21.65,0.867221,1.12621,1.02684,1.00045,0.78234
-21.6,0.868315,1.12749,1.02719,1.00156,0.782707
-21.55,0.869404,1.12876,1.02755,1.00266,0.783071
-21.5,0.870488,1.13003,1.0279,1.00377,0.783432
-21.45,0.871567,1.13129,1.02825,1.00488,0.783791
-21.4,0.87264,1.13254,1.02861,1.00599,0.784146
-21.35,0.873708,1.13378,1.02896,1.0071,0.784498
-21.3,0.874771,1.13501,1.02932,1.00822,0.784847
-21.25,0.875829,1.13624,1.02967,1.00934,0.785194
-21.2,0.876881,1.13746,1.03003,1.01046,0.785537
-21.15,0.877929,1.13867,1.03038,1.01158,0.785878
-21.1,0.878971,1.13987,1.03074,1.0127,0.786215
-21.05,0.880008,1.14106,1.03109,1.01382,0.78655
-21,0.881039,1.14225,1.03145,1.01495,0.786882
-20.95,0.882066,1.14343,1.0318,1.01608,0.78721
-20.9,0.883087,1.1446,1.03216,1.01721,0.787536
-20.85,0.884102,1.14576,1.03251,1.01834,0.787859
-20.8,0.885113,1.14691,1.03287,1.01948,0.788179
-20.75,0.886118,1.14806,1.03322,1.02061,0.788497
-20.7,0.887118,1.14919,1.03358,1.02175,0.788811
-20.65,0.888113,1.15032,1.03393,1.02289,0.789122
-20.6,0.889102,1.15144,1.03429,1.02403,0.789431
-20.55,0.890087,1.15255,1.03464,1.02517,0.789737
-20.5,0.891066,1.15366,1.035,1.02632,0.790039
-20.45,0.892039,1.15475,1.03535,1.02747,0.790339
-20.4,0.893007,1.15584,1.0357,1.02862,0.790636
-20.35,0.89397,1.15692,1.03606,1.02977,0.790931
-20.3,0.894928,1.15799,1.03641,1.03092,0.791222
-20.25,0.895881,1.15905,1.03677,1.03208,0.791511
-20.2,0.896828,1.1601,1.03712,1.03323,0.791796
-20.15,0.89777,1.16114,1.03748,1.03439,0.792079
-20.1,0.898706,1.16218,1.03783,1.03555,0.792359
-20.05,0.899638,1.1632,1.03818,1.03672,0.792636
-20,0.900564,1.16422,1.03854,1.03788,0.79291
-19.95,0.901485,1.16523,1.03889,1.03905,0.793182
-19.9,0.9024,1.16623,1.03924,1.04022,0.79345
-19.85,0.90331,1.16722,1.03959,1.04139,0.793716
-19.8,0.904215,1.16821,1.03995,1.04256,0.793979
-19.75,0.905115,1.16918,1.0403,1.04373,0.794239
-19.7,0.906009,1.17015,1.04065,1.04491,0.794496
-19.65,0.906898,1.1711,1.041,1.04608,0.794751
-19.6,0.907782,1.17205,1.04135,1.04726,0.795002
-19.55,0.908661,1.17299,1.0417,1.04844,0.795251
-19.5,0.909534,1.17392,1.04205,1.04962,0.795497
-19.45,0.910402,1.17484,1.0424,1.05081,0.79574
-19.4,0.911265,1.17575,1.04275,1.05199,0.795981
-19.35,0.912123,1.17666,1.0431,1.05318,0.796218
-19.3,0.912975,1.17755,1.04345,1.05437,0.796453
-19.25,0.913822,1.17844,1.0438,1.05556,0.796685
-19.2,0.914664,1.17931,1.04415,1.05675,0.796914
-19.15,0.915501,1.18018,1.0445,1.05794,0.79714
-19.1,0.916332,1.18104,1.04484,1.05913,0.797363
-19.05,0.917159,1.18189,1.04519,1.06033,0.797584
-19,0.91798,1.18273,1.04554,1.06152,0.797802
-18.95,0.918796,1.18356,1.04588,1.06272,0.798017
-18.9,0.919606,1.18439,1.04623,1.06392,0.798229
-18.85,0.920412,1.1852,1.04657,1.06512,0.798439
-18.8,0.921212,1.186,1.04692,1.06632,0.798646
-18.75,0.922007,1.1868,1.04726,1.06752,0.79885
-18.7,0.922797,1.18759,1.04761,1.06873,0.799051
-18.65,0.923582,1.18836,1.04795,1.06993,0.799249
-18.6,0.924362,1.18913,1.04829,1.07113,0.799445
-18.55,0.925136,1.18989,1.04863,1.07234,0.799638
-18.5,0.925906,1.19064,1.04898,1.07355,0.799828
-18.45,0.92667,1.19138,1.04932,1.07476,0.800016
-18.4,0.927429,1.19211,1.04966,1.07596,0.800201
-18.35,0.928184,1.19284,1.05,1.07717,0.800383
-18.3,0.928933,1.19355,1.05034,1.07838,0.800562
-18.25,0.929677,1.19425,1.05068,1.07959,0.800739
-18.2,0.930416,1.19495,1.05101,1.0808,0.800913
-18.15,0.931149,1.19564,1.05135,1.08202,0.801085
-18.1,0.931878,1.19631,1.05169,1.08323,0.801253
-18.05,0.932602,1.19698,1.05203,1.08444,0.801419
-18,0.933321,1.19764,1.05236,1.08565,0.801583
-17.95,0.934034,1.19829,1.0527,1.08687,0.801744
-17.9,0.934743,1.19893,1.05303,1.08808,0.801902
-17.85,0.935447,1.19956,1.05337,1.08929,0.802058
-17.8,0.936146,1.20019,1.0537,1.09051,0.802211
-17.75,0.936839,1.2008,1.05403,1.09172,0.802361
-17.7,0.937528,1.2014,1.05436,1.09293,0.802509
-17.65,0.938212,1.202,1.0547,1.09415,0.802655
-17.6,0.938891,1.20259,1.05503,1.09536,0.802798
-17.55,0.939565,1.20316,1.05536,1.09657,0.802938
-17.5,0.940234,1.20373,1.05569,1.09778,0.803076
-17.45,0.940898,1.20429,1.05602,1.099,0.803212
-17.4,0.941558,1.20484,1.05635,1.10021,0.803345
-17.35,0.942212,1.20538,1.05667,1.10142,0.803476
-17.3,0.942862,1.20592,1.057,1.10263,0.803604
-17.25,0.943506,1.20644,1.05733,1.10384,0.80373
-17.2,0.944146,1.20695,1.05765,1.10505,0.803854
-17.15,0.944781,1.20746,1.05798,1.10626,0.803975
-17.1,0.945411,1.20796,1.0583,1.10746,0.804095
-17.05,0.946037,1.20844,1.05863,1.10867,0.804211
-17,0.946658,1.20892,1.05895,1.10988,0.804326
-16.95,0.947274,1.20939,1.05927,1.11108,0.804438
-16.9,0.947885,1.20986,1.0596,1.11229,0.804549
-16.85,0.948491,1.21031,1.05992,1.11349,0.804657
-16.8,0.949093,1.21075,1.06024,1.11469,0.804763
-16.75,0.94969,1.21119,1.06056,1.11589,0.804867
-16.7,0.950282,1.21161,1.06088,1.11709,0.804969
-16.65,0.95087,1.21203,1.0612,1.11828,0.805069
-16.6,0.951453,1.21244,1.06152,1.11948,0.805167
-16.55,0.952031,1.21284,1.06183,1.12067,0.805263
-16.5,0.952605,1.21323,1.06215,1.12186,0.805357
-16.45,0.953174,1.21362,1.06247,1.12305,0.805449
-16.4,0.953738,1.21399,1.06278,1.12424,0.805539
-16.35,0.954298,1.21436,1.0631,1.12542,0.805628
-16.3,0.954853,1.21471,1.06341,1.12661,0.805715
-16.25,0.955404,1.21506,1.06373,1.12779,0.8058
-16.2,0.95595,1.2154,1.06404,1.12897,0.805884
-16.15,0.956492,1.21574,1.06435,1.13014,0.805966
-16.1,0.957029,1.21606,1.06467,1.13132,0.806046
-16.05,0.957562,1.21638,1.06498,1.13249,0.806125
-16,0.95809,1.21668,1.06529,1.13366,0.806202
-15.95,0.958614,1.21698,1.0656,1.13482,0.806278
-15.9,0.959133,1.21728,1.06591,1.13599,0.806353
-15.85,0.959648,1.21756,1.06622,1.13715,0.806426
-15.8,0.960158,1.21783,1.06653,1.13831,0.806498
-15.75,0.960664,1.2181,1.06684,1.13946,0.806569
-15.7,0.961166,1.21836,1.06714,1.14061,0.806639
-15.65,0.961663,1.21861,1.06745,1.14176,0.806707
-15.6,0.962156,1.21885,1.06776,1.1429,0.806775
-15.55,0.962645,1.21909,1.06806,1.14405,0.806841
-15.5,0.963129,1.21931,1.06837,1.14518,0.806907
-15.45,0.963609,1.21953,1.06867,1.14632,0.806971
-15.4,0.964085,1.21975,1.06898,1.14745,0.807035
-15.35,0.964556,1.21995,1.06928,1.14858,0.807099
-15.3,0.965024,1.22015,1.06958,1.1497,0.807161
-15.25,0.965487,1.22033,1.06989,1.15082,0.807223
-15.2,0.965946,1.22052,1.07019,1.15193,0.807284
-15.15,0.9664,1.22069,1.07049,1.15304,0.807345
-15.1,0.966851,1.22085,1.07079,1.15415,0.807405
-15.05,0.967297,1.22101,1.07109,1.15525,0.807465
-15,0.967739,1.22117,1.07139,1.15635,0.807525
-14.95,0.968177,1.22131,1.07169,1.15745,0.807585
-14.9,0.968611,1.22145,1.07199,1.15854,0.807644
-14.85,0.969041,1.22158,1.07229,1.15962,0.807704
-14.8,0.969467,1.2217,1.07259,1.1607,0.807763
-14.75,0.969889,1.22181,1.07289,1.16178,0.807822
-14.7,0.970306,1.22192,1.07319,1.16285,0.807882
-14.65,0.97072,1.22202,1.07349,1.16391,0.807942
-14.6,0.97113,1.22212,1.07378,1.16497,0.808002
-14.55,0.971536,1.22221,1.07408,1.16603,0.808063
-14.5,0.971937,1.22229,1.07438,1.16708,0.808124
-14.45,0.972335,1.22236,1.07467,1.16812,0.808185
-14.4,0.972729,1.22243,1.07497,1.16916,0.808248
-14.35,0.973119,1.22249,1.07527,1.1702,0.80831
-14.3,0.973506,1.22254,1.07556,1.17122,0.808374
-14.25,0.973888,1.22259,1.07586,1.17225,0.808439
-14.2,0.974266,1.22263,1.07615,1.17326,0.808505
-14.15,0.974641,1.22267,1.07644,1.17427,0.808571
-14.1,0.975012,1.2227,1.07674,1.17528,0.808639
-14.05,0.975379,1.22272,1.07703,1.17628,0.808708
-14,0.975743,1.22274,1.07733,1.17727,0.808779
-13.95,0.976102,1.22275,1.07762,1.17826,0.808851
-13.9,0.976458,1.22275,1.07791,1.17924,0.808924
-13.85,0.97681,1.22275,1.07821,1.18022,0.808999
-13.8,0.977159,1.22274,1.0785,1.18118,0.809076
-13.75,0.977504,1.22273,1.07879,1.18215,0.809154
-13.7,0.977845,1.22271,1.07908,1.1831,0.809235
-13.65,0.978182,1.22268,1.07938,1.18405,0.809317
-13.6,0.978516,1.22265,1.07967,1.18499,0.809402
-13.55,0.978847,1.22262,1.07996,1.18593,0.809489
-13.5,0.979174,1.22257,1.08025,1.18685,0.809578
-13.45,0.979497,1.22253,1.08055,1.18778,0.809669
-13.4,0.979817,1.22248,1.08084,1.18869,0.809763
-13.35,0.980133,1.22242,1.08113,1.1896,0.809859
-13.3,0.980446,1.22235,1.08142,1.1905,0.809958
-13.25,0.980755,1.22229,1.08171,1.19139,0.81006
-13.2,0.981061,1.22221,1.082,1.19228,0.810165
-13.15,0.981363,1.22213,1.08229,1.19316,0.810273
-13.1,0.981662,1.22205,1.08259,1.19403,0.810384
-13.05,0.981958,1.22196,1.08288,1.19489,0.810498
-13,0.98225,1.22187,1.08317,1.19575,0.810616
-12.95,0.982539,1.22177,1.08346,1.19659,0.810737
-12.9,0.982825,1.22167,1.08375,1.19743,0.810861
-12.85,0.983107,1.22156,1.08404,1.19827,0.810989
-12.8,0.983386,1.22145,1.08434,1.19909,0.811121
-12.75,0.983662,1.22133,1.08463,1.19991,0.811257
-12.7,0.983934,1.22121,1.08492,1.20072,0.811396
-12.65,0.984204,1.22109,1.08521,1.20152,0.81154
-12.6,0.98447,1.22096,1.0855,1.20231,0.811688
-12.55,0.984733,1.22082,1.08579,1.2031,0.81184
-12.5,0.984992,1.22068,1.08609,1.20388,0.811996
-12.45,0.985249,1.22054,1.08638,1.20464,0.812157
-12.4,0.985503,1.2204,1.08667,1.2054,0.812323
-12.35,0.985753,1.22025,1.08696,1.20616,0.812493
-12.3,0.986,1.22009,1.08726,1.2069,0.812668
-12.25,0.986245,1.21993,1.08755,1.20764,0.812848
-12.2,0.986486,1.21977,1.08784,1.20836,0.813033
-12.15,0.986724,1.21961,1.08813,1.20908,0.813224
-12.1,0.986959,1.21944,1.08843,1.20979,0.813419
-12.05,0.987192,1.21926,1.08872,1.21049,0.81362
-12,0.987421,1.21909,1.08902,1.21118,0.813826
-11.95,0.987647,1.21891,1.08931,1.21187,0.814038
-11.9,0.987871,1.21872,1.0896,1.21254,0.814256
-11.85,0.988091,1.21854,1.0899,1.21321,0.814479
-11.8,0.988309,1.21835,1.09019,1.21386,0.814709
-11.75,0.988524,1.21815,1.09049,1.21451,0.814944
-11.7,0.988736,1.21796,1.09078,1.21515,0.815186
-11.65,0.988945,1.21776,1.09108,1.21578,0.815434
-11.6,0.989152,1.21756,1.09138,1.2164,0.815688
-11.55,0.989356,1.21735,1.09167,1.21701,0.815948
-11.5,0.989557,1.21714,1.09197,1.21762,0.816216
-11.45,0.989755,1.21693,1.09227,1.21821,0.816489
-11.4,0.98995,1.21672,1.09256,1.21879,0.81677
-11.35,0.990143,1.2165,1.09286,1.21937,0.817058
-11.3,0.990334,1.21628,1.09316,1.21994,0.817352
-11.25,0.990521,1.21606,1.09346,1.22049,0.817654
-11.2,0.990706,1.21583,1.09376,1.22104,0.817963
-11.15,0.990889,1.2156,1.09405,1.22158,0.818279
-11.1,0.991068,1.21537,1.09435,1.22211,0.818602
-11.05,0.991246,1.21514,1.09465,1.22263,0.818933
-11,0.99142,1.2149,1.09495,1.22314,0.819272
-10.95,0.991593,1.21467,1.09525,1.22364,0.819618
-10.9,0.991762,1.21443,1.09556,1.22413,0.819973
-10.85,0.99193,1.21419,1.09586,1.22461,0.820335
-10.8,0.992095,1.21394,1.09616,1.22508,0.820705
-10.75,0.992257,1.21369,1.09646,1.22554,0.821083
-10.7,0.992417,1.21345,1.09676,1.226,0.821469
-10.65,0.992575,1.21319,1.09707,1.22644,0.821864
-10.6,0.99273,1.21294,1.09737,1.22688,0.822267
-10.55,0.992883,1.21269,1.09768,1.2273,0.822679
-10.5,0.993034,1.21243,1.09798,1.22772,0.823099
-10.45,0.993182,1.21217,1.09829,1.22812,0.823528
-10.4,0.993328,1.21191,1.09859,1.22852,0.823966
-10.35,0.993472,1.21165,1.0989,1.22891,0.824412
-10.3,0.993613,1.21138,1.0992,1.22928,0.824867
-10.25,0.993753,1.21112,1.09951,1.22965,0.825332
-10.2,0.99389,1.21085,1.09982,1.23001,0.825805
-10.15,0.994025,1.21058,1.10013,1.23036,0.826288
-10.1,0.994158,1.21031,1.10043,1.2307,0.82678
-10.05,0.994288,1.21003,1.10074,1.23103,0.827281
-10,0.994417,1.20976,1.10105,1.23135,0.827792
-9.95,0.994543,1.20948,1.10136,1.23166,0.828312
-9.9,0.994668,1.2092,1.10167,1.23196,0.828842
-9.85,0.99479,1.20892,1.10199,1.23225,0.829381
-9.8,0.994911,1.20864,1.1023,1.23253,0.829931
-9.75,0.995029,1.20836,1.10261,1.2328,0.830489
-9.7,0.995145,1.20808,1.10292,1.23307,0.831058
-9.65,0.99526,1.20779,1.10324,1.23332,0.831637
-9.6,0.995372,1.2075,1.10355,1.23356,0.832226
-9.55,0.995483,1.20721,1.10386,1.2338,0.832825
-9.5,0.995592,1.20692,1.10418,1.23402,0.833433
-9.45,0.995698,1.20663,1.1045,1.23424,0.834053
-9.4,0.995803,1.20634,1.10481,1.23445,0.834682
-9.35,0.995906,1.20605,1.10513,1.23464,0.835322
-9.3,0.996008,1.20575,1.10545,1.23483,0.835971
-9.25,0.996107,1.20545,1.10576,1.23501,0.836632
-9.2,0.996205,1.20515,1.10608,1.23518,0.837303
-9.15,0.996301,1.20485,1.1064,1.23534,0.837984
-9.1,0.996395,1.20455,1.10672,1.23549,0.838676
-9.05,0.996487,1.20425,1.10704,1.23563,0.839378
-9,0.996578,1.20395,1.10736,1.23577,0.840091
-8.95,0.996667,1.20364,1.10768,1.23589,0.840815
-8.9,0.996754,1.20333,1.10801,1.236,0.84155
-8.85,0.99684,1.20303,1.10833,1.23611,0.842295
-8.8,0.996924,1.20272,1.10865,1.23621,0.843051
-8.75,0.997007,1.20241,1.10898,1.2363,0.843817
-8.7,0.997088,1.20209,1.1093,1.23637,0.844595
-8.65,0.997167,1.20178,1.10962,1.23644,0.845384
-8.6,0.997245,1.20146,1.10995,1.23651,0.846183
-8.55,0.997321,1.20115,1.11028,1.23656,0.846993
-8.5,0.997396,1.20083,1.1106,1.2366,0.847814
-8.45,0.997469,1.20051,1.11093,1.23664,0.848646
-8.4,0.997541,1.20019,1.11126,1.23666,0.84949
-8.35,0.997611,1.19987,1.11159,1.23668,0.850344
-8.3,0.99768,1.19954,1.11192,1.23669,0.851209
-8.25,0.997748,1.19922,1.11224,1.23669,0.852085
-8.2,0.997814,1.19889,1.11257,1.23668,0.852972
-8.15,0.997878,1.19856,1.11291,1.23667,0.85387
-8.1,0.997942,1.19823,1.11324,1.23664,0.854779
-8.05,0.998004,1.1979,1.11357,1.23661,0.855699
-8,0.998064,1.19757,1.1139,1.23657,0.85663
-7.95,0.998124,1.19724,1.11423,1.23652,0.857572
-7.9,0.998182,1.1969,1.11457,1.23647,0.858525
-7.85,0.998239,1.19656,1.1149,1.2364,0.859489
-7.8,0.998294,1.19622,1.11524,1.23633,0.860464
-7.75,0.998349,1.19588,1.11557,1.23625,0.861449
-7.7,0.998402,1.19554,1.11591,1.23616,0.862446
-7.65,0.998454,1.19519,1.11625,1.23606,0.863454
-7.6,0.998504,1.19485,1.11658,1.23596,0.864472
-7.55,0.998554,1.1945,1.11692,1.23585,0.865502
-7.5,0.998602,1.19415,1.11726,1.23573,0.866542
-7.45,0.998649,1.19379,1.1176,1.2356,0.867593
-7.4,0.998696,1.19344,1.11794,1.23547,0.868654
-7.35,0.998741,1.19308,1.11828,1.23533,0.869726
-7.3,0.998785,1.19272,1.11862,1.23518,0.870809
-7.25,0.998827,1.19236,1.11896,1.23502,0.871903
-7.2,0.998869,1.192,1.1193,1.23486,0.873007
-7.15,0.99891,1.19163,1.11965,1.23469,0.874122
-7.1,0.99895,1.19127,1.11999,1.23451,0.875247
-7.05,0.998989,1.1909,1.12033,1.23433,0.876383
-7,0.999026,1.19052,1.12068,1.23413,0.877529
-6.95,0.999063,1.19015,1.12102,1.23394,0.878685
-6.9,0.999099,1.18977,1.12137,1.23373,0.879851
-6.85,0.999134,1.18939,1.12171,1.23352,0.881028
-6.8,0.999168,1.18901,1.12206,1.2333,0.882215
-6.75,0.999201,1.18862,1.12241,1.23308,0.883412
-6.7,0.999233,1.18823,1.12275,1.23285,0.884618
-6.65,0.999264,1.18784,1.1231,1.23261,0.885835
-6.6,0.999295,1.18745,1.12345,1.23236,0.887062
-6.55,0.999324,1.18705,1.1238,1.23212,0.888298
-6.5,0.999353,1.18665,1.12415,1.23186,0.889544
-6.45,0.999381,1.18625,1.1245,1.2316,0.890799
-6.4,0.999408,1.18585,1.12485,1.23133,0.892064
-6.35,0.999434,1.18544,1.1252,1.23105,0.893339
-6.3,0.99946,1.18502,1.12556,1.23078,0.894623
-6.25,0.999484,1.18461,1.12591,1.23049,0.895916
-6.2,0.999508,1.18419,1.12626,1.2302,0.897218
-6.15,0.999532,1.18377,1.12662,1.2299,0.898529
-6.1,0.999554,1.18334,1.12697,1.2296,0.899849
-6.05,0.999576,1.18291,1.12733,1.22929,0.901178
-6,0.999597,1.18248,1.12768,1.22898,0.902516
-5.95,0.999617,1.18204,1.12804,1.22866,0.903862
-5.9,0.999637,1.1816,1.1284,1.22834,0.905217
-5.85,0.999656,1.18116,1.12875,1.22801,0.90658
-5.8,0.999674,1.18071,1.12911,1.22767,0.907952
-5.75,0.999692,1.18026,1.12947,1.22734,0.909331
-5.7,0.999709,1.1798,1.12983,1.22699,0.910719
-5.65,0.999726,1.17934,1.13019,1.22665,0.912115
-5.6,0.999742,1.17888,1.13055,1.22629,0.913518
-5.55,0.999757,1.17841,1.13091,1.22594,0.91493
-5.5,0.999772,1.17794,1.13127,1.22557,0.916348
-5.45,0.999786,1.17746,1.13164,1.22521,0.917775
-5.4,0.999799,1.17698,1.132,1.22484,0.919208
-5.35,0.999812,1.17649,1.13236,1.22446,0.920649
-5.3,0.999825,1.176,1.13273,1.22408,0.922097
-5.25,0.999837,1.1755,1.13309,1.2237,0.923551
-5.2,0.999848,1.175,1.13346,1.22331,0.925013
-5.15,0.999859,1.17449,1.13382,1.22292,0.926481
-5.1,0.99987,1.17398,1.13419,1.22253,0.927956
-5.05,0.99988,1.17347,1.13456,1.22213,0.929437
-5,0.999889,1.17295,1.13493,1.22172,0.930924
-4.95,0.999898,1.17242,1.1353,1.22132,0.932418
-4.9,0.999907,1.17189,1.13567,1.22091,0.933917
-4.85,0.999915,1.17135,1.13603,1.2205,0.935422
-4.8,0.999923,1.17081,1.13641,1.22008,0.936933
-4.75,0.99993,1.17026,1.13678,1.21966,0.938449
-4.7,0.999937,1.16971,1.13715,1.21924,0.939971
-4.65,0.999943,1.16915,1.13752,1.21881,0.941497
-4.6,0.999949,1.16858,1.13789,1.21838,0.943029
-4.55,0.999955,1.16801,1.13827,1.21795,0.944566
-4.5,0.99996,1.16743,1.13864,1.21751,0.946107
-4.45,0.999965,1.16685,1.13902,1.21707,0.947653
-4.4,0.99997,1.16626,1.13939,1.21663,0.949204
-4.35,0.999974,1.16567,1.13977,1.21619,0.950759
-4.3,0.999978,1.16506,1.14015,1.21574,0.952317
-4.25,0.999981,1.16446,1.14053,1.2153,0.95388
-4.2,0.999985,1.16384,1.1409,1.21485,0.955447
-4.15,0.999987,1.16322,1.14128,1.21439,0.957017
-4.1,0.99999,1.16259,1.14166,1.21394,0.95859
-4.05,0.999992,1.16196,1.14205,1.21348,0.960167
-4,0.999994,1.16132,1.14243,1.21302,0.961747
-3.95,0.999996,1.16067,1.14281,1.21256,0.96333
-3.9,0.999997,1.16002,1.14319,1.21209,0.964916
-3.85,0.999998,1.15935,1.14358,1.21163,0.966504
-3.8,0.999999,1.15869,1.14396,1.21116,0.968095
-3.75,1,1.15801,1.14435,1.21069,0.969688
-3.7,1,1.15733,1.14473,1.21022,0.971283
-3.65,1,1.15664,1.14512,1.20974,0.97288
-3.6,1,1.15594,1.14551,1.20927,0.974479
-3.55,0.999999,1.15524,1.1459,1.20879,0.97608
-3.5,0.999999,1.15452,1.14629,1.20831,0.977682
-3.45,0.999998,1.1538,1.14668,1.20783,0.979285
-3.4,0.999997,1.15308,1.14707,1.20735,0.980889
-3.35,0.999995,1.15234,1.14746,1.20687,0.982495
-3.3,0.999994,1.1516,1.14785,1.20639,0.984101
-3.25,0.999992,1.15085,1.14824,1.2059,0.985708
-3.2,0.99999,1.15009,1.14864,1.20542,0.987315
-3.15,0.999988,1.14933,1.14903,1.20493,0.988922
-3.1,0.999986,1.14855,1.14943,1.20445,0.99053
-3.05,0.999983,1.14777,1.14983,1.20396,0.992137
-3,0.999981,1.14698,1.15022,1.20347,0.993744
-2.95,0.999978,1.14618,1.15062,1.20298,0.995351
-2.9,0.999975,1.14538,1.15102,1.20249,0.996958
-2.85,0.999972,1.14457,1.15142,1.202,0.998563
-2.8,0.999969,1.14374,1.15182,1.20151,1.00017
-2.75,0.999965,1.14291,1.15223,1.20101,1.00177
-2.7,0.999962,1.14207,1.15263,1.20052,1.00337
-2.65,0.999958,1.14123,1.15303,1.20003,1.00497
-2.6,0.999954,1.14037,1.15344,1.19953,1.00657
-2.55,0.99995,1.13951,1.15385,1.19904,1.00817
-2.5,0.999946,1.13863,1.15425,1.19854,1.00977
-2.45,0.999942,1.13775,1.15466,1.19805,1.01136
-2.4,0.999937,1.13686,1.15507,1.19755,1.01295
-2.35,0.999933,1.13596,1.15548,1.19706,1.01454
-2.3,0.999928,1.13506,1.15589,1.19656,1.01613
-2.25,0.999924,1.13414,1.1563,1.19607,1.01771
-2.2,0.999919,1.13322,1.15672,1.19557,1.01929
-2.15,0.999914,1.13228,1.15713,1.19508,1.02087
-2.1,0.999909,1.13134,1.15754,1.19458,1.02245
-2.05,0.999904,1.13039,1.15796,1.19409,1.02402
-2,0.999899,1.12943,1.15838,1.19359,1.02559
-1.95,0.999894,1.12846,1.15879,1.1931,1.02715
-1.9,0.999888,1.12748,1.15921,1.19261,1.02871
-1.85,0.999883,1.1265,1.15963,1.19211,1.03027
-1.8,0.999877,1.1255,1.16005,1.19162,1.03182
-1.75,0.999872,1.1245,1.16048,1.19112,1.03337
-1.7,0.999866,1.12349,1.1609,1.19063,1.03492
-1.65,0.999861,1.12246,1.16132,1.19014,1.03646
-1.6,0.999855,1.12143,1.16175,1.18965,1.03799
-1.55,0.999849,1.12039,1.16218,1.18916,1.03952
-1.5,0.999843,1.11934,1.1626,1.18867,1.04105
-1.45,0.999837,1.11829,1.16303,1.18817,1.04257
-1.4,0.999831,1.11722,1.16346,1.18768,1.04409
-1.35,0.999825,1.11614,1.16389,1.1872,1.0456
-1.3,0.999819,1.11506,1.16432,1.18671,1.0471
-1.25,0.999813,1.11396,1.16476,1.18622,1.0486
-1.2,0.999807,1.11286,1.16519,1.18573,1.0501
-1.15,0.999801,1.11175,1.16563,1.18525,1.05158
-1.1,0.999794,1.11063,1.16606,1.18476,1.05307
-1.05,0.999788,1.1095,1.1665,1.18428,1.05454
-1,0.999782,1.10836,1.16694,1.18379,1.05601
-0.95,0.999775,1.10721,1.16738,1.18331,1.05748
-0.9,0.999769,1.10606,1.16782,1.18283,1.05893
-0.85,0.999763,1.10489,1.16826,1.18235,1.06039
-0.8,0.999756,1.10372,1.1687,1.18186,1.06183
-0.75,0.99975,1.10254,1.16915,1.18139,1.06327
-0.7,0.999743,1.10135,1.16959,1.18091,1.0647
-0.65,0.999737,1.10015,1.17004,1.18043,1.06612
-0.6,0.99973,1.09894,1.17048,1.17995,1.06754
-0.55,0.999724,1.09772,1.17093,1.17948,1.06895
-0.5,0.999717,1.0965,1.17138,1.179,1.07035
-0.45,0.99971,1.09526,1.17183,1.17853,1.07175
-0.4,0.999704,1.09402,1.17228,1.17806,1.07314
-0.35,0.999697,1.09277,1.17274,1.17759,1.07452
-0.3,0.99969,1.09151,1.17319,1.17712,1.07589
-0.25,0.999684,1.09024,1.17365,1.17665,1.07726
-0.2,0.999677,1.08896,1.1741,1.17618,1.07861
-0.15,0.99967,1.08768,1.17456,1.17571,1.07996
-0.1,0.999664,1.08639,1.17502,1.17525,1.08131
-0.05,0.999657,1.08509,1.17548,1.17478,1.08264
0,0.99965,1.08378,1.17594,1.17432,1.08397
0.05,0.999644,1.08246,1.1764,1.17386,1.08528
0.1,0.999637,1.08114,1.17686,1.1734,1.08659
0.15,0.99963,1.07981,1.17732,1.17294,1.0879
0.2,0.999623,1.07847,1.17779,1.17248,1.08919
0.25,0.999617,1.07712,1.17825,1.17202,1.09047
0.3,0.99961,1.07576,1.17872,1.17157,1.09175
0.35,0.999603,1.0744,1.17918,1.17111,1.09302
0.4,0.999596,1.07303,1.17965,1.17066,1.09428
0.45,0.99959,1.07165,1.18012,1.1702,1.09553
0.5,0.999583,1.07027,1.18059,1.16975,1.09677
0.55,0.999576,1.06887,1.18106,1.1693,1.098
0.6,0.999569,1.06747,1.18153,1.16886,1.09923
0.65,0.999563,1.06607,1.18201,1.16841,1.10045
0.7,0.999556,1.06466,1.18248,1.16796,1.10165
0.75,0.999549,1.06324,1.18295,1.16752,1.10285
0.8,0.999542,1.06181,1.18343,1.16707,1.10404
0.85,0.999535,1.06038,1.1839,1.16663,1.10522
0.9,0.999529,1.05894,1.18438,1.16619,1.10639
0.95,0.999522,1.05749,1.18486,1.16575,1.10755
1,0.999515,1.05604,1.18534,1.16531,1.10871
1.05,0.999508,1.05458,1.18581,1.16488,1.10985
1.1,0.999501,1.05312,1.18629,1.16444,1.11099
1.15,0.999495,1.05165,1.18677,1.164,1.11211
1.2,0.999488,1.05017,1.18725,1.16357,1.11323
1.25,0.999481,1.04869,1.18774,1.16314,1.11434
1.3,0.999474,1.0472,1.18822,1.16271,1.11544
1.35,0.999467,1.04571,1.1887,1.16228,1.11653
1.4,0.99946,1.04421,1.18918,1.16185,1.11761
1.45,0.999454,1.0427,1.18967,1.16142,1.11868
1.5,0.999447,1.0412,1.19015,1.161,1.11974
1.55,0.99944,1.03968,1.19063,1.16057,1.12079
1.6,0.999433,1.03816,1.19112,1.16015,1.12184
1.65,0.999426,1.03664,1.1916,1.15973,1.12287
1.7,0.999419,1.03511,1.19209,1.15931,1.1239
1.75,0.999412,1.03358,1.19258,1.15889,1.12492
1.8,0.999405,1.03205,1.19306,1.15847,1.12592
1.85,0.999398,1.03051,1.19355,1.15805,1.12692
1.9,0.999391,1.02896,1.19403,1.15763,1.12791
1.95,0.999384,1.02741,1.19452,1.15722,1.12889
2,0.999377,1.02586,1.19501,1.15681,1.12986
2.05,0.99937,1.02431,1.19549,1.15639,1.13082
2.1,0.999363,1.02275,1.19598,1.15598,1.13178
2.15,0.999356,1.02118,1.19647,1.15557,1.13272
2.2,0.999348,1.01962,1.19695,1.15516,1.13366
2.25,0.999341,1.01805,1.19744,1.15475,1.13458
2.3,0.999334,1.01648,1.19793,1.15435,1.1355
2.35,0.999326,1.01491,1.19841,1.15394,1.13641
2.4,0.999319,1.01333,1.1989,1.15354,1.13731
2.45,0.999312,1.01175,1.19939,1.15313,1.1382
2.5,0.999304,1.01017,1.19987,1.15273,1.13908
2.55,0.999297,1.00859,1.20036,1.15233,1.13995
2.6,0.999289,1.007,1.20084,1.15193,1.14082
2.65,0.999281,1.00542,1.20133,1.15153,1.14167
2.7,0.999274,1.00383,1.20181,1.15113,1.14252
2.75,0.999266,1.00224,1.20229,1.15073,1.14336
2.8,0.999258,1.00065,1.20278,1.15034,1.14419
2.85,0.99925,0.999057,1.20326,1.14994,1.14501
2.9,0.999242,0.997465,1.20374,1.14955,1.14582
2.95,0.999234,0.995871,1.20422,1.14916,1.14663
3,0.999226,0.994277,1.2047,1.14876,1.14742
3.05,0.999218,0.992683,1.20518,1.14837,1.14821
3.1,0.999209,0.991088,1.20566,1.14798,1.14899
3.15,0.999201,0.989493,1.20614,1.14759,1.14976
3.2,0.999192,0.987899,1.20661,1.14721,1.15052
3.25,0.999184,0.986304,1.20709,1.14682,1.15128
3.3,0.999175,0.98471,1.20756,1.14643,1.15203
3.35,0.999166,0.983116,1.20803,1.14605,1.15277
3.4,0.999157,0.981523,1.2085,1.14566,1.1535
3.45,0.999148,0.979931,1.20897,1.14528,1.15422
3.5,0.999139,0.978341,1.20944,1.1449,1.15494
3.55,0.99913,0.976751,1.20991,1.14452,1.15565
3.6,0.99912,0.975162,1.21038,1.14414,1.15635
3.65,0.999111,0.973576,1.21084,1.14376,1.15704
3.7,0.999101,0.971991,1.2113,1.14338,1.15773
3.75,0.999091,0.970408,1.21176,1.143,1.15841
3.8,0.999081,0.968826,1.21222,1.14262,1.15908
3.85,0.99907,0.967247,1.21268,1.14225,1.15974
3.9,0.99906,0.965671,1.21313,1.14187,1.1604
3.95,0.999049,0.964097,1.21358,1.1415,1.16105
4,0.999039,0.962526,1.21404,1.14112,1.16169
4.05,0.999028,0.960957,1.21448,1.14075,1.16233
4.1,0.999016,0.959392,1.21493,1.14038,1.16296
4.15,0.999005,0.95783,1.21538,1.14001,1.16358
4.2,0.998993,0.956271,1.21582,1.13964,1.16419
4.25,0.998982,0.954716,1.21626,1.13927,1.1648
4.3,0.99897,0.953164,1.21669,1.1389,1.1654
4.35,0.998957,0.951616,1.21713,1.13853,1.166
4.4,0.998945,0.950073,1.21756,1.13816,1.16659
4.45,0.998932,0.948533,1.21799,1.1378,1.16717
4.5,0.998919,0.946998,1.21841,1.13743,1.16775
4.55,0.998906,0.945467,1.21884,1.13707,1.16832
4.6,0.998892,0.943941,1.21926,1.1367,1.16888
4.65,0.998878,0.942419,1.21968,1.13634,1.16944
4.7,0.998864,0.940903,1.22009,1.13597,1.16999
4.75,0.99885,0.939391,1.2205,1.13561,1.17054
4.8,0.998835,0.937885,1.22091,1.13525,1.17108
4.85,0.99882,0.936384,1.22131,1.13489,1.17162
4.9,0.998805,0.934889,1.22171,1.13453,1.17215
4.95,0.998789,0.933399,1.22211,1.13417,1.17267
5,0.998773,0.931916,1.22251,1.13381,1.17319
5.05,0.998757,0.930438,1.2229,1.13345,1.1737
5.1,0.99874,0.928966,1.22328,1.1331,1.17421
5.15,0.998723,0.927501,1.22367,1.13274,1.17472
5.2,0.998706,0.926042,1.22404,1.13238,1.17521
5.25,0.998688,0.924589,1.22442,1.13203,1.17571
5.3,0.998669,0.923144,1.22479,1.13167,1.1762
5.35,0.998651,0.921705,1.22516,1.13132,1.17668
5.4,0.998632,0.920272,1.22552,1.13097,1.17716
5.45,0.998612,0.918847,1.22588,1.13061,1.17763
5.5,0.998592,0.91743,1.22623,1.13026,1.1781
5.55,0.998572,0.916019,1.22658,1.12991,1.17856
5.6,0.998551,0.914616,1.22693,1.12956,1.17902
5.65,0.99853,0.913221,1.22727,1.12921,1.17948
5.7,0.998508,0.911833,1.2276,1.12886,1.17993
5.75,0.998486,0.910453,1.22794,1.12851,1.18038
5.8,0.998463,0.909081,1.22826,1.12816,1.18082
5.85,0.99844,0.907717,1.22858,1.12781,1.18126
5.9,0.998416,0.906361,1.2289,1.12746,1.1817
5.95,0.998391,0.905014,1.22921,1.12712,1.18213
6,0.998367,0.903674,1.22952,1.12677,1.18256
6.05,0.998341,0.902344,1.22982,1.12642,1.18298
6.1,0.998315,0.901022,1.23011,1.12608,1.1834
6.15,0.998288,0.899708,1.2304,1.12573,1.18382
6.2,0.998261,0.898404,1.23069,1.12539,1.18423
6.25,0.998233,0.897108,1.23097,1.12505,1.18464
6.3,0.998205,0.895822,1.23124,1.1247,1.18504
6.35,0.998176,0.894544,1.23151,1.12436,1.18545
6.4,0.998146,0.893276,1.23177,1.12402,1.18585
6.45,0.998115,0.892017,1.23203,1.12368,1.18624
6.5,0.998084,0.890767,1.23228,1.12334,1.18664
6.55,0.998052,0.889527,1.23252,1.123,1.18703
6.6,0.99802,0.888296,1.23276,1.12266,1.18741
6.65,0.997986,0.887075,1.23299,1.12232,1.1878
6.7,0.997952,0.885864,1.23322,1.12198,1.18818
6.75,0.997917,0.884663,1.23344,1.12164,1.18856
6.8,0.997882,0.883471,1.23365,1.12131,1.18893
6.85,0.997845,0.882289,1.23386,1.12097,1.18931
6.9,0.997808,0.881117,1.23406,1.12063,1.18968
6.95,0.99777,0.879956,1.23425,1.1203,1.19004
7,0.997732,0.878804,1.23444,1.11996,1.19041
7.05,0.997692,0.877663,1.23462,1.11963,1.19077
7.1,0.997651,0.876532,1.23479,1.11929,1.19113
7.15,0.99761,0.875411,1.23496,1.11896,1.19149
7.2,0.997568,0.8743,1.23512,1.11862,1.19185
7.25,0.997525,0.8732,1.23527,1.11829,1.1922
7.3,0.99748,0.872111,1.23542,1.11796,1.19255
7.35,0.997435,0.871032,1.23555,1.11763,1.1929
7.4,0.997389,0.869963,1.23568,1.1173,1.19325
7.45,0.997342,0.868905,1.23581,1.11697,1.1936
7.5,0.997294,0.867858,1.23592,1.11664,1.19394
7.55,0.997245,0.866821,1.23603,1.11631,1.19428
7.6,0.997195,0.865795,1.23613,1.11598,1.19462
7.65,0.997144,0.86478,1.23623,1.11565,1.19496
7.7,0.997092,0.863775,1.23631,1.11532,1.1953
7.75,0.997039,0.862782,1.23639,1.11499,1.19563
7.8,0.996985,0.861799,1.23646,1.11467,1.19596
7.85,0.996929,0.860827,1.23652,1.11434,1.19629
7.9,0.996873,0.859866,1.23658,1.11401,1.19662
7.95,0.996815,0.858915,1.23662,1.11369,1.19695
8,0.996756,0.857976,1.23666,1.11336,1.19728
8.05,0.996696,0.857047,1.23669,1.11304,1.1976
8.1,0.996635,0.85613,1.23671,1.11271,1.19792
8.15,0.996573,0.855223,1.23673,1.11239,1.19824
8.2,0.996509,0.854327,1.23673,1.11207,1.19856
8.25,0.996444,0.853442,1.23673,1.11175,1.19888
8.3,0.996378,0.852568,1.23672,1.11142,1.1992
8.35,0.99631,0.851705,1.2367,1.1111,1.19952
8.4,0.996241,0.850853,1.23667,1.11078,1.19983
8.45,0.996171,0.850011,1.23664,1.11046,1.20014
8.5,0.9961,0.849181,1.23659,1.11014,1.20046
8.55,0.996027,0.848361,1.23654,1.10982,1.20077
8.6,0.995952,0.847553,1.23648,1.1095,1.20107
8.65,0.995877,0.846755,1.23641,1.10918,1.20138
8.7,0.9958,0.845968,1.23633,1.10886,1.20169
8.75,0.995721,0.845191,1.23624,1.10855,1.20199
8.8,0.995641,0.844426,1.23614,1.10823,1.2023
8.85,0.995559,0.843671,1.23604,1.10791,1.2026
8.9,0.995476,0.842927,1.23592,1.1076,1.2029
8.95,0.995392,0.842194,1.2358,1.10728,1.2032
9,0.995306,0.841471,1.23567,1.10696,1.2035
9.05,0.995218,0.840759,1.23553,1.10665,1.2038
9.1,0.995129,0.840057,1.23538,1.10634,1.20409
9.15,0.995038,0.839366,1.23522,1.10602,1.20439
9.2,0.994945,0.838686,1.23505,1.10571,1.20468
9.25,0.994851,0.838016,1.23487,1.10539,1.20498
9.3,0.994755,0.837356,1.23468,1.10508,1.20527
9.35,0.994658,0.836707,1.23449,1.10477,1.20556
9.4,0.994559,0.836068,1.23428,1.10446,1.20585
9.45,0.994458,0.835439,1.23407,1.10415,1.20613
9.5,0.994355,0.83482,1.23384,1.10384,1.20642
9.55,0.99425,0.834212,1.23361,1.10353,1.20671
9.6,0.994144,0.833613,1.23337,1.10322,1.20699
9.65,0.994036,0.833025,1.23312,1.10291,1.20727
9.7,0.993926,0.832447,1.23285,1.1026,1.20755
9.75,0.993814,0.831878,1.23258,1.10229,1.20783
9.8,0.9937,0.83132,1.2323,1.10198,1.20811
9.85,0.993585,0.830771,1.23201,1.10167,1.20839
9.9,0.993467,0.830231,1.23172,1.10136,1.20866
9.95,0.993348,0.829702,1.23141,1.10106,1.20894
10,0.993226,0.829182,1.23109,1.10075,1.20921
10.05,0.993103,0.828671,1.23076,1.10044,1.20948
10.1,0.992977,0.82817,1.23043,1.10014,1.20975
10.15,0.99285,0.827678,1.23008,1.09983,1.21002
10.2,0.99272,0.827196,1.22973,1.09953,1.21029
10.25,0.992589,0.826722,1.22936,1.09922,1.21055
10.3,0.992455,0.826258,1.22899,1.09892,1.21081
10.35,0.992319,0.825803,1.2286,1.09861,1.21108
10.4,0.992181,0.825356,1.22821,1.09831,1.21134
10.45,0.992041,0.824919,1.22781,1.09801,1.21159
10.5,0.991899,0.82449,1.2274,1.0977,1.21185
10.55,0.991754,0.82407,1.22698,1.0974,1.2121
10.6,0.991607,0.823659,1.22654,1.0971,1.21236
10.65,0.991458,0.823255,1.2261,1.0968,1.21261
10.7,0.991307,0.822861,1.22565,1.0965,1.21286
10.75,0.991153,0.822474,1.2252,1.09619,1.2131
10.8,0.990997,0.822096,1.22473,1.09589,1.21335
10.85,0.990839,0.821726,1.22425,1.09559,1.21359
10.9,0.990678,0.821364,1.22376,1.09529,1.21383
10.95,0.990515,0.82101,1.22327,1.09499,1.21407
11,0.99035,0.820664,1.22276,1.09469,1.21431
11.05,0.990182,0.820325,1.22224,1.09439,1.21454
11.1,0.990012,0.819994,1.22172,1.09409,1.21478
11.15,0.989839,0.819671,1.22119,1.09379,1.21501
11.2,0.989664,0.819355,1.22064,1.0935,1.21523
11.25,0.989486,0.819046,1.22009,1.0932,1.21546
11.3,0.989306,0.818745,1.21953,1.0929,1.21568
11.35,0.989123,0.81845,1.21896,1.0926,1.2159
11.4,0.988937,0.818163,1.21838,1.0923,1.21612
11.45,0.988749,0.817883,1.21779,1.09201,1.21633
11.5,0.988558,0.817609,1.21719,1.09171,1.21654
11.55,0.988365,0.817342,1.21658,1.09141,1.21675
11.6,0.988169,0.817082,1.21597,1.09111,1.21696
11.65,0.98797,0.816828,1.21534,1.09082,1.21716
11.7,0.987769,0.816581,1.21471,1.09052,1.21736
11.75,0.987565,0.816339,1.21406,1.09022,1.21756
11.8,0.987358,0.816104,1.21341,1.08993,1.21776
11.85,0.987148,0.815875,1.21275,1.08963,1.21795
11.9,0.986935,0.815652,1.21208,1.08933,1.21814
11.95,0.98672,0.815435,1.2114,1.08904,1.21832
12,0.986502,0.815224,1.21072,1.08874,1.2185
12.05,0.986281,0.815018,1.21002,1.08845,1.21868
12.1,0.986057,0.814818,1.20932,1.08815,1.21886
12.15,0.98583,0.814623,1.2086,1.08786,1.21903
12.2,0.9856,0.814433,1.20788,1.08756,1.2192
12.25,0.985367,0.814249,1.20715,1.08726,1.21936
12.3,0.985131,0.81407,1.20641,1.08697,1.21952
12.35,0.984892,0.813895,1.20567,1.08667,1.21968
12.4,0.98465,0.813726,1.20491,1.08638,1.21983
12.45,0.984405,0.813561,1.20415,1.08608,1.21998
12.5,0.984157,0.813401,1.20338,1.08579,1.22013
12.55,0.983906,0.813246,1.2026,1.08549,1.22027
12.6,0.983652,0.813094,1.20181,1.0852,1.2204
12.65,0.983395,0.812948,1.20101,1.0849,1.22054
12.7,0.983134,0.812805,1.20021,1.08461,1.22067
12.75,0.982871,0.812667,1.1994,1.08431,1.22079
12.8,0.982604,0.812532,1.19858,1.08402,1.22091
12.85,0.982334,0.812401,1.19775,1.08372,1.22103
12.9,0.98206,0.812275,1.19691,1.08343,1.22114
12.95,0.981784,0.812151,1.19607,1.08313,1.22124
13,0.981504,0.812032,1.19522,1.08283,1.22135
13.05,0.98122,0.811916,1.19436,1.08254,1.22144
13.1,0.980934,0.811803,1.1935,1.08224,1.22154
13.15,0.980644,0.811693,1.19262,1.08195,1.22162
13.2,0.980351,0.811587,1.19174,1.08165,1.22171
13.25,0.980054,0.811484,1.19085,1.08135,1.22179
13.3,0.979754,0.811383,1.18996,1.08106,1.22186
13.35,0.97945,0.811286,1.18906,1.08076,1.22193
13.4,0.979143,0.811191,1.18815,1.08046,1.22199
13.45,0.978833,0.811099,1.18723,1.08017,1.22205
13.5,0.978518,0.811009,1.18631,1.07987,1.2221
13.55,0.978201,0.810922,1.18538,1.07957,1.22215
13.6,0.97788,0.810837,1.18444,1.07928,1.22219
13.65,0.977555,0.810754,1.1835,1.07898,1.22222
13.7,0.977227,0.810674,1.18255,1.07868,1.22225
13.75,0.976895,0.810595,1.18159,1.07838,1.22228
13.8,0.976559,0.810519,1.18063,1.07808,1.2223
13.85,0.97622,0.810444,1.17966,1.07778,1.22231
13.9,0.975877,0.810371,1.17868,1.07748,1.22232
13.95,0.975531,0.8103,1.1777,1.07719,1.22232
14,0.975181,0.81023,1.17671,1.07689,1.22231
14.05,0.974827,0.810162,1.17572,1.07659,1.2223
14.1,0.974469,0.810095,1.17472,1.07629,1.22228
14.15,0.974107,0.810029,1.17371,1.07598,1.22226
14.2,0.973742,0.809965,1.1727,1.07568,1.22223
14.25,0.973373,0.809901,1.17168,1.07538,1.2222
14.3,0.973,0.809839,1.17066,1.07508,1.22215
14.35,0.972623,0.809778,1.16963,1.07478,1.2221
14.4,0.972242,0.809717,1.16859,1.07448,1.22205
14.45,0.971858,0.809657,1.16755,1.07417,1.22199
14.5,0.971469,0.809598,1.16651,1.07387,1.22192
14.55,0.971077,0.80954,1.16546,1.07357,1.22184
14.6,0.97068,0.809482,1.1644,1.07326,1.22176
14.65,0.97028,0.809424,1.16334,1.07296,1.22167
14.7,0.969875,0.809367,1.16227,1.07265,1.22158
14.75,0.969467,0.80931,1.1612,1.07235,1.22147
14.8,0.969054,0.809253,1.16013,1.07204,1.22137
14.85,0.968638,0.809196,1.15905,1.07174,1.22125
14.9,0.968217,0.80914,1.15796,1.07143,1.22112
14.95,0.967792,0.809083,1.15687,1.07112,1.22099
15,0.967364,0.809026,1.15578,1.07082,1.22086
15.05,0.966931,0.808969,1.15468,1.07051,1.22071
15.1,0.966494,0.808912,1.15358,1.0702,1.22056
15.15,0.966052,0.808855,1.15247,1.06989,1.2204
15.2,0.965607,0.808797,1.15136,1.06958,1.22023
15.25,0.965157,0.808738,1.15024,1.06927,1.22005
15.3,0.964703,0.808679,1.14912,1.06896,1.21987
15.35,0.964245,0.80862,1.148,1.06865,1.21968
15.4,0.963783,0.80856,1.14687,1.06834,1.21948
15.45,0.963316,0.808499,1.14574,1.06802,1.21928
15.5,0.962845,0.808437,1.14461,1.06771,1.21906
15.55,0.96237,0.808374,1.14347,1.0674,1.21884
15.6,0.96189,0.808311,1.14233,1.06708,1.21861
15.65,0.961406,0.808247,1.14118,1.06677,1.21837
15.7,0.960917,0.808181,1.14004,1.06645,1.21813
15.75,0.960425,0.808114,1.13888,1.06614,1.21787
15.8,0.959927,0.808047,1.13773,1.06582,1.21761
15.85,0.959426,0.807978,1.13657,1.06551,1.21734
15.9,0.95892,0.807908,1.13541,1.06519,1.21706
15.95,0.958409,0.807836,1.13425,1.06487,1.21678
16,0.957894,0.807763,1.13308,1.06455,1.21648
16.05,0.957375,0.807689,1.13191,1.06423,1.21618
16.1,0.956851,0.807613,1.13074,1.06391,1.21587
16.15,0.956322,0.807536,1.12957,1.06359,1.21555
16.2,0.955789,0.807457,1.12839,1.06327,1.21522
16.25,0.955251,0.807376,1.12722,1.06295,1.21489
16.3,0.954709,0.807294,1.12603,1.06263,1.21454
16.35,0.954162,0.807211,1.12485,1.06231,1.21419
16.4,0.953611,0.807125,1.12367,1.06198,1.21383
16.45,0.953054,0.807038,1.12248,1.06166,1.21346
16.5,0.952494,0.806949,1.12129,1.06133,1.21308
16.55,0.951928,0.806858,1.1201,1.06101,1.21269
16.6,0.951358,0.806765,1.11891,1.06068,1.21229
16.65,0.950783,0.80667,1.11771,1.06036,1.21189
16.7,0.950204,0.806573,1.11652,1.06003,1.21147
16.75,0.94962,0.806474,1.11532,1.0597,1.21105
16.8,0.949031,0.806373,1.11412,1.05937,1.21062
16.85,0.948437,0.80627,1.11292,1.05904,1.21018
16.9,0.947838,0.806165,1.11172,1.05871,1.20973
16.95,0.947235,0.806058,1.11052,1.05838,1.20927
17,0.946627,0.805948,1.10931,1.05805,1.20881
17.05,0.946014,0.805836,1.10811,1.05772,1.20833
17.1,0.945396,0.805722,1.1069,1.05739,1.20784
17.15,0.944773,0.805606,1.1057,1.05706,1.20735
17.2,0.944146,0.805488,1.10449,1.05672,1.20685
17.25,0.943514,0.805367,1.10328,1.05639,1.20634
17.3,0.942876,0.805244,1.10207,1.05605,1.20582
17.35,0.942234,0.805118,1.10086,1.05572,1.20529
17.4,0.941587,0.80499,1.09965,1.05538,1.20475
17.45,0.940935,0.80486,1.09844,1.05505,1.2042
17.5,0.940278,0.804727,1.09723,1.05471,1.20364
17.55,0.939616,0.804591,1.09602,1.05437,1.20307
17.6,0.938949,0.804453,1.0948,1.05403,1.2025
17.65,0.938278,0.804313,1.09359,1.05369,1.20191
17.7,0.937601,0.80417,1.09238,1.05335,1.20132
17.75,0.936919,0.804025,1.09117,1.05301,1.20072
17.8,0.936232,0.803876,1.08996,1.05267,1.2001
17.85,0.93554,0.803726,1.08874,1.05233,1.19948
17.9,0.934843,0.803573,1.08753,1.05199,1.19885
17.95,0.934141,0.803417,1.08632,1.05165,1.19821
18,0.933434,0.803258,1.08511,1.05131,1.19756
18.05,0.932722,0.803097,1.0839,1.05096,1.19691
18.1,0.932005,0.802933,1.08268,1.05062,1.19624
18.15,0.931282,0.802766,1.08147,1.05027,1.19556
18.2,0.930555,0.802597,1.08026,1.04993,1.19488
18.25,0.929822,0.802425,1.07905,1.04958,1.19418
18.3,0.929085,0.80225,1.07784,1.04924,1.19348
18.35,0.928342,0.802073,1.07663,1.04889,1.19276
18.4,0.927594,0.801893,1.07543,1.04854,1.19204
18.45,0.926841,0.80171,1.07422,1.0482,1.19131
18.5,0.926082,0.801524,1.07301,1.04785,1.19057
18.55,0.925319,0.801336,1.07181,1.0475,1.18982
18.6,0.92455,0.801144,1.0706,1.04715,1.18906
18.65,0.923776,0.80095,1.0694,1.0468,1.18829
18.7,0.922997,0.800753,1.0682,1.04645,1.18751
18.75,0.922213,0.800554,1.06699,1.0461,1.18672
18.8,0.921423,0.800351,1.06579,1.04575,1.18592
18.85,0.920628,0.800146,1.06459,1.0454,1.18512
18.9,0.919828,0.799938,1.06339,1.04505,1.1843
18.95,0.919023,0.799727,1.0622,1.0447,1.18348
19,0.918212,0.799513,1.061,1.04434,1.18265
19.05,0.917396,0.799296,1.05981,1.04399,1.1818
19.1,0.916575,0.799077,1.05861,1.04364,1.18095
19.15,0.915749,0.798854,1.05742,1.04328,1.18009
19.2,0.914917,0.798629,1.05623,1.04293,1.17922
19.25,0.91408,0.798401,1.05504,1.04258,1.17834
19.3,0.913238,0.79817,1.05385,1.04222,1.17745
19.35,0.912391,0.797936,1.05267,1.04187,1.17656
19.4,0.911538,0.7977,1.05148,1.04151,1.17565
19.45,0.91068,0.79746,1.0503,1.04116,1.17474
19.5,0.909816,0.797217,1.04912,1.0408,1.17381
19.55,0.908947,0.796972,1.04794,1.04045,1.17288
19.6,0.908073,0.796724,1.04676,1.04009,1.17194
19.65,0.907194,0.796473,1.04558,1.03973,1.17099
19.7,0.906309,0.796219,1.0444,1.03938,1.17003
19.75,0.905419,0.795962,1.04323,1.03902,1.16906
19.8,0.904523,0.795702,1.04206,1.03866,1.16808
19.85,0.903623,0.795439,1.04089,1.03831,1.16709
19.9,0.902716,0.795173,1.03972,1.03795,1.1661
19.95,0.901805,0.794905,1.03855,1.03759,1.16509
20,0.900888,0.794633,1.03739,1.03724,1.16408
20.05,0.899966,0.794359,1.03623,1.03688,1.16306
20.1,0.899038,0.794082,1.03506,1.03652,1.16203
20.15,0.898106,0.793801,1.03391,1.03616,1.16099
20.2,0.897167,0.793518,1.03275,1.0358,1.15994
20.25,0.896224,0.793232,1.03159,1.03545,1.15888
20.3,0.895275,0.792943,1.03044,1.03509,1.15782
20.35,0.89432,0.792651,1.02929,1.03473,1.15674
20.4,0.893361,0.792356,1.02814,1.03437,1.15566
20.45,0.892396,0.792059,1.02699,1.03401,1.15457
20.5,0.891425,0.791758,1.02584,1.03366,1.15347
20.55,0.89045,0.791454,1.0247,1.0333,1.15236
20.6,0.889468,0.791148,1.02356,1.03294,1.15124
20.65,0.888482,0.790838,1.02242,1.03258,1.15012
20.7,0.88749,0.790526,1.02128,1.03222,1.14898
20.75,0.886493,0.79021,1.02014,1.03187,1.14784
20.8,0.885491,0.789892,1.01901,1.03151,1.14669
20.85,0.884483,0.78957,1.01788,1.03115,1.14553
20.9,0.88347,0.789246,1.01675,1.03079,1.14436
20.95,0.882451,0.788919,1.01562,1.03043,1.14319
21,0.881427,0.788588,1.01449,1.03008,1.142
21.05,0.880398,0.788255,1.01337,1.02972,1.14081
21.1,0.879364,0.787919,1.01224,1.02936,1.13961
21.15,0.878324,0.78758,1.01112,1.029,1.1384
21.2,0.877279,0.787237,1.01,1.02865,1.13719
21.25,0.876229,0.786892,1.00889,1.02829,1.13596
21.3,0.875173,0.786544,1.00777,1.02793,1.13473
21.35,0.874112,0.786192,1.00666,1.02758,1.13349
21.4,0.873046,0.785838,1.00555,1.02722,1.13224
21.45,0.871975,0.785481,1.00444,1.02686,1.13099
21.5,0.870898,0.78512,1.00333,1.02651,1.12972
21.55,0.869816,0.784757,1.00223,1.02615,1.12845
21.6,0.868729,0.78439,1.00112,1.0258,1.12717
21.65,0.867636,0.784021,1.00002,1.02544,1.12588
21.7,0.866539,0.783648,0.998919,1.02509,1.12459
21.75,0.865436,0.783272,0.99782,1.02473,1.12328
21.8,0.864328,0.782893,0.996723,1.02438,1.12197
21.85,0.863214,0.782511,0.995628,1.02403,1.12065
21.9,0.862096,0.782126,0.994534,1.02367,1.11933
21.95,0.860972,0.781738,0.993443,1.02332,1.11799
22,0.859843,0.781347,0.992352,1.02297,1.11665
22.05,0.858709,0.780952,0.991264,1.02262,1.11531
22.1,0.85757,0.780555,0.990177,1.02226,1.11395
22.15,0.856426,0.780154,0.989091,1.02191,1.11259
22.2,0.855276,0.77975,0.988008,1.02156,1.11122
22.25,0.854122,0.779343,0.986925,1.02121,1.10984
22.3,0.852962,0.778932,0.985844,1.02086,1.10845
22.35,0.851798,0.778518,0.984765,1.02051,1.10706
22.4,0.850628,0.778102,0.983687,1.02016,1.10566
22.45,0.849453,0.777681,0.98261,1.01981,1.10425
22.5,0.848273,0.777258,0.981535,1.01946,1.10284
22.55,0.847088,0.776831,0.980461,1.01911,1.10142
22.6,0.845899,0.776401,0.979389,1.01877,1.09999
22.65,0.844704,0.775968,0.978318,1.01842,1.09856
22.7,0.843504,0.775531,0.977248,1.01807,1.09711
22.75,0.842299,0.775091,0.976179,1.01772,1.09567
22.8,0.84109,0.774647,0.975111,1.01738,1.09421
22.85,0.839875,0.7742,0.974044,1.01703,1.09275
22.9,0.838656,0.77375,0.972979,1.01669,1.09128
22.95,0.837431,0.773296,0.971914,1.01634,1.0898
23,0.836202,0.772839,0.970851,1.016,1.08832
23.05,0.834968,0.772379,0.969789,1.01566,1.08683
23.1,0.833729,0.771915,0.968727,1.01531,1.08534
23.15,0.832486,0.771447,0.967666,1.01497,1.08383
23.2,0.831237,0.770976,0.966607,1.01463,1.08232
23.25,0.829984,0.770501,0.965548,1.01429,1.08081
23.3,0.828726,0.770023,0.96449,1.01395,1.07929
23.35,0.827463,0.769541,0.963432,1.0136,1.07776
23.4,0.826196,0.769055,0.962375,1.01326,1.07623
23.45,0.824924,0.768566,0.961319,1.01292,1.07468
23.5,0.823647,0.768073,0.960264,1.01259,1.07314
23.55,0.822366,0.767577,0.959209,1.01225,1.07158
23.6,0.82108,0.767076,0.958154,1.01191,1.07002
23.65,0.81979,0.766573,0.9571,1.01157,1.06846
23.7,0.818495,0.766065,0.956047,1.01123,1.06689
23.75,0.817195,0.765553,0.954994,1.0109,1.06531
23.8,0.815891,0.765038,0.953941,1.01056,1.06373
23.85,0.814582,0.764519,0.952888,1.01023,1.06214
23.9,0.813269,0.763996,0.951836,1.00989,1.06054
23.95,0.811952,0.763469,0.950784,1.00956,1.05894
24,0.81063,0.762938,0.949732,1.00922,1.05733
24.05,0.809304,0.762403,0.94868,1.00889,1.05572
24.1,0.807973,0.761865,0.947628,1.00856,1.0541
24.15,0.806639,0.761322,0.946576,1.00822,1.05248
24.2,0.805299,0.760775,0.945524,1.00789,1.05085
24.25,0.803956,0.760224,0.944472,1.00756,1.04921
24.3,0.802608,0.75967,0.94342,1.00723,1.04757
24.35,0.801256,0.759111,0.942368,1.0069,1.04593
24.4,0.7999,0.758548,0.941315,1.00657,1.04427
24.45,0.79854,0.75798,0.940262,1.00624,1.04262
24.5,0.797176,0.757409,0.939209,1.00591,1.04095
24.55,0.795808,0.756833,0.938156,1.00558,1.03929
24.6,0.794435,0.756254,0.937102,1.00525,1.03761
24.65,0.793059,0.75567,0.936047,1.00492,1.03593
24.7,0.791678,0.755081,0.934992,1.00459,1.03425
24.75,0.790294,0.754488,0.933936,1.00426,1.03256
24.8,0.788905,0.753891,0.93288,1.00394,1.03087
24.85,0.787513,0.75329,0.931823,1.00361,1.02917
24.9,0.786117,0.752684,0.930766,1.00328,1.02746
24.95,0.784717,0.752074,0.929707,1.00296,1.02575
25,0.783313,0.751459,0.928648,1.00263,1.02404
25.05,0.781906,0.75084,0.927588,1.0023,1.02232
25.1,0.780494,0.750216,0.926527,1.00198,1.0206
25.15,0.779079,0.749588,0.925464,1.00165,1.01887
25.2,0.777661,0.748955,0.924401,1.00133,1.01714
25.25,0.776239,0.748318,0.923337,1.001,1.0154
25.3,0.774813,0.747676,0.922272,1.00068,1.01366
25.35,0.773383,0.747029,0.921205,1.00035,1.01191
25.4,0.77195,0.746378,0.920138,1.00003,1.01016
25.45,0.770514,0.745722,0.919069,0.999702,1.0084
25.5,0.769074,0.745061,0.917999,0.999377,1.00664
25.55,0.767631,0.744395,0.916927,0.999053,1.00488
25.6,0.766184,0.743725,0.915854,0.998729,1.00311
25.65,0.764734,0.743049,0.914779,0.998404,1.00133
25.7,0.763281,0.742369,0.913703,0.99808,0.999555
25.75,0.761824,0.741684,0.912626,0.997756,0.997773
25.8,0.760364,0.740994,0.911547,0.997431,0.995987
25.85,0.758901,0.7403,0.910466,0.997107,0.994196
25.9,0.757435,0.7396,0.909383,0.996782,0.992402
25.95,0.755966,0.738895,0.908299,0.996458,0.990603
26,0.754494,0.738186,0.907213,0.996133,0.9888
26.05,0.753018,0.737471,0.906125,0.995808,0.986993
26.1,0.75154,0.736751,0.905036,0.995483,0.985183
26.15,0.750059,0.736026,0.903944,0.995158,0.983368
26.2,0.748574,0.735296,0.90285,0.994832,0.98155
26.25,0.747087,0.734561,0.901755,0.994506,0.979728
26.3,0.745597,0.733821,0.900657,0.99418,0.977902
26.35,0.744104,0.733075,0.899558,0.993853,0.976073
26.4,0.742609,0.732325,0.898456,0.993526,0.974239
26.45,0.741111,0.731569,0.897352,0.993199,0.972403
26.5,0.73961,0.730808,0.896246,0.992871,0.970562
26.55,0.738106,0.730042,0.895137,0.992543,0.968718
26.6,0.7366,0.72927,0.894027,0.992214,0.966871
26.65,0.735091,0.728493,0.892914,0.991885,0.96502
26.7,0.73358,0.727711,0.891798,0.991555,0.963166
26.75,0.732067,0.726924,0.890681,0.991224,0.961309
26.8,0.73055,0.726131,0.88956,0.990893,0.959448
26.85,0.729032,0.725333,0.888438,0.990561,0.957584
26.9,0.727511,0.724529,0.887313,0.990229,0.955717
26.95,0.725988,0.72372,0.886185,0.989896,0.953847
27,0.724463,0.722906,0.885055,0.989561,0.951973
27.05,0.722935,0.722086,0.883922,0.989227,0.950097
27.1,0.721405,0.721261,0.882786,0.988891,0.948217
27.15,0.719874,0.72043,0.881648,0.988554,0.946335
27.2,0.71834,0.719594,0.880507,0.988216,0.94445
27.25,0.716804,0.718752,0.879364,0.987878,0.942562
27.3,0.715266,0.717905,0.878217,0.987538,0.94067
27.35,0.713726,0.717052,0.877068,0.987197,0.938777
27.4,0.712184,0.716194,0.875916,0.986856,0.93688
27.45,0.71064,0.71533,0.874761,0.986513,0.934981
27.5,0.709095,0.714461,0.873603,0.986168,0.933079
27.55,0.707548,0.713586,0.872442,0.985823,0.931175
27.6,0.705998,0.712706,0.871279,0.985476,0.929268
27.65,0.704448,0.71182,0.870112,0.985128,0.927358
27.7,0.702895,0.710928,0.868942,0.984779,0.925446
27.75,0.701342,0.710031,0.86777,0.984428,0.923532
27.8,0.699786,0.709128,0.866594,0.984076,0.921615
27.85,0.698229,0.70822,0.865415,0.983722,0.919696
27.9,0.696671,0.707306,0.864233,0.983367,0.917774
27.95,0.695111,0.706387,0.863048,0.98301,0.915851
28,0.693549,0.705462,0.86186,0.982651,0.913925
28.05,0.691987,0.704532,0.860669,0.982291,0.911997
28.1,0.690423,0.703595,0.859474,0.981929,0.910067
28.15,0.688858,0.702654,0.858277,0.981565,0.908135
28.2,0.687292,0.701707,0.857076,0.981199,0.906201
28.25,0.685724,0.700754,0.855872,0.980831,0.904265
28.3,0.684156,0.699795,0.854665,0.980462,0.902327
28.35,0.682586,0.698831,0.853454,0.98009,0.900387
28.4,0.681015,0.697862,0.85224,0.979717,0.898445
28.45,0.679444,0.696887,0.851023,0.979341,0.896502
28.5,0.677871,0.695906,0.849803,0.978963,0.894556
28.55,0.676298,0.69492,0.848579,0.978583,0.892609
28.6,0.674724,0.693929,0.847352,0.978201,0.890661
28.65,0.673148,0.692931,0.846121,0.977816,0.888711
28.7,0.671573,0.691929,0.844888,0.977429,0.886759
28.75,0.669996,0.690921,0.84365,0.97704,0.884806
28.8,0.668419,0.689907,0.84241,0.976648,0.882851
28.85,0.666841,0.688888,0.841166,0.976254,0.880895
28.9,0.665263,0.687864,0.839919,0.975857,0.878938
28.95,0.663684,0.686834,0.838668,0.975457,0.876979
29,0.662105,0.685798,0.837414,0.975055,0.875019
29.05,0.660525,0.684758,0.836157,0.97465,0.873057
29.1,0.658945,0.683712,0.834896,0.974242,0.871095
29.15,0.657365,0.68266,0.833632,0.973831,0.869131
29.2,0.655784,0.681604,0.832364,0.973418,0.867166
29.25,0.654203,0.680542,0.831093,0.973001,0.8652
29.3,0.652622,0.679474,0.829819,0.972582,0.863234
29.35,0.65104,0.678402,0.828541,0.972159,0.861266
29.4,0.649459,0.677324,0.82726,0.971733,0.859297
29.45,0.647877,0.676241,0.825975,0.971304,0.857327
29.5,0.646296,0.675153,0.824687,0.970872,0.855357
29.55,0.644714,0.67406,0.823396,0.970436,0.853385
29.6,0.643132,0.672962,0.822101,0.969997,0.851413
29.65,0.641551,0.671858,0.820803,0.969555,0.84944
29.7,0.63997,0.67075,0.819501,0.969109,0.847467
29.75,0.638389,0.669637,0.818196,0.96866,0.845493
29.8,0.636808,0.668518,0.816888,0.968207,0.843518
29.85,0.635227,0.667395,0.815576,0.96775,0.841543
29.9,0.633647,0.666267,0.814261,0.96729,0.839567
29.95,0.632067,0.665134,0.812943,0.966826,0.837591
30,0.630487,0.663996,0.811621,0.966358,0.835615
30.05,0.628908,0.662853,0.810296,0.965886,0.833638
30.1,0.627329,0.661706,0.808968,0.96541,0.83166
30.15,0.625751,0.660553,0.807636,0.96493,0.829683
30.2,0.624174,0.659397,0.806301,0.964446,0.827705
30.25,0.622597,0.658235,0.804963,0.963958,0.825727
30.3,0.621021,0.657069,0.803622,0.963466,0.823749
30.35,0.619445,0.655899,0.802277,0.962969,0.821771
30.4,0.61787,0.654724,0.800929,0.962468,0.819792
30.45,0.616296,0.653544,0.799578,0.961963,0.817814
30.5,0.614723,0.65236,0.798224,0.961453,0.815835
30.55,0.61315,0.651172,0.796867,0.960939,0.813857
30.6,0.611579,0.64998,0.795506,0.96042,0.811879
30.65,0.610008,0.648783,0.794142,0.959897,0.809901
30.7,0.608439,0.647582,0.792776,0.959369,0.807923
30.75,0.60687,0.646377,0.791406,0.958836,0.805945
30.8,0.605303,0.645168,0.790033,0.958299,0.803968
30.85,0.603736,0.643955,0.788657,0.957756,0.801991
30.9,0.602171,0.642738,0.787278,0.957209,0.800014
30.95,0.600607,0.641517,0.785896,0.956657,0.798037
31,0.599044,0.640292,0.784511,0.956099,0.796061
31.05,0.597482,0.639063,0.783123,0.955537,0.794086
31.1,0.595922,0.637831,0.781732,0.954969,0.792111
31.15,0.594363,0.636595,0.780339,0.954396,0.790136
31.2,0.592805,0.635355,0.778942,0.953818,0.788162
31.25,0.591249,0.634112,0.777543,0.953235,0.786189
31.3,0.589694,0.632865,0.776141,0.952646,0.784216
31.35,0.588141,0.631615,0.774736,0.952051,0.782244
31.4,0.586589,0.630361,0.773328,0.951452,0.780273
31.45,0.585039,0.629104,0.771917,0.950846,0.778302
31.5,0.58349,0.627844,0.770504,0.950235,0.776332
31.55,0.581943,0.626581,0.769088,0.949618,0.774363
31.6,0.580398,0.625315,0.76767,0.948996,0.772395
31.65,0.578854,0.624045,0.766249,0.948368,0.770428
31.7,0.577312,0.622773,0.764825,0.947734,0.768462
31.75,0.575772,0.621497,0.763399,0.947094,0.766497
31.8,0.574233,0.620219,0.761971,0.946448,0.764533
31.85,0.572697,0.618938,0.76054,0.945796,0.76257
31.9,0.571162,0.617655,0.759106,0.945137,0.760608
31.95,0.569629,0.616368,0.75767,0.944473,0.758647
32,0.568098,0.61508,0.756232,0.943803,0.756687
32.05,0.566569,0.613788,0.754791,0.943126,0.754729
32.1,0.565043,0.612495,0.753348,0.942443,0.752771
32.15,0.563518,0.611198,0.751903,0.941754,0.750815
32.2,0.561995,0.6099,0.750456,0.941058,0.748861
32.25,0.560474,0.6086,0.749006,0.940356,0.746907
32.3,0.558956,0.607297,0.747555,0.939647,0.744955
32.35,0.557439,0.605992,0.746101,0.938931,0.743005
32.4,0.555925,0.604686,0.744645,0.938209,0.741056
32.45,0.554413,0.603377,0.743187,0.937481,0.739108
32.5,0.552903,0.602067,0.741727,0.936745,0.737162
32.55,0.551396,0.600755,0.740265,0.936003,0.735217
32.6,0.54989,0.599441,0.738802,0.935254,0.733274
32.65,0.548388,0.598126,0.737336,0.934498,0.731333
32.7,0.546887,0.596809,0.735869,0.933735,0.729393
32.75,0.545389,0.595491,0.7344,0.932965,0.727455
32.8,0.543893,0.594172,0.732929,0.932189,0.725519
32.85,0.5424,0.592851,0.731456,0.931405,0.723584
32.9,0.54091,0.591529,0.729982,0.930614,0.721651
32.95,0.539421,0.590206,0.728506,0.929815,0.71972
33,0.537936,0.588882,0.727028,0.92901,0.71779
33.05,0.536453,0.587557,0.725549,0.928197,0.715863
33.1,0.534972,0.586231,0.724069,0.927377,0.713937
33.15,0.533494,0.584904,0.722587,0.926549,0.712014
33.2,0.532019,0.583577,0.721103,0.925714,0.710092
33.25,0.530547,0.582249,0.719619,0.924872,0.708172
33.3,0.529077,0.58092,0.718133,0.924022,0.706254
33.35,0.52761,0.579591,0.716645,0.923165,0.704339
33.4,0.526145,0.578262,0.715157,0.9223,0.702425
33.45,0.524684,0.576932,0.713667,0.921427,0.700513
33.5,0.523225,0.575603,0.712176,0.920547,0.698604
33.55,0.521769,0.574273,0.710684,0.919659,0.696696
33.6,0.520316,0.572943,0.709191,0.918763,0.694791
33.65,0.518865,0.571613,0.707697,0.91786,0.692888
33.7,0.517418,0.570283,0.706202,0.916948,0.690987
33.75,0.515974,0.568953,0.704706,0.916029,0.689089
33.8,0.514532,0.567624,0.703209,0.915102,0.687192
33.85,0.513093,0.566295,0.701711,0.914167,0.685298
33.9,0.511658,0.564966,0.700213,0.913224,0.683406
33.95,0.510225,0.563638,0.698714,0.912273,0.681517
34,0.508795,0.562311,0.697214,0.911314,0.67963
34.05,0.507369,0.560984,0.695713,0.910347,0.677745
34.1,0.505945,0.559658,0.694212,0.909371,0.675863
34.15,0.504525,0.558333,0.69271,0.908388,0.673983
34.2,0.503107,0.557009,0.691208,0.907396,0.672106
34.25,0.501693,0.555686,0.689705,0.906396,0.670231
34.3,0.500282,0.554364,0.688202,0.905388,0.668358
34.35,0.498874,0.553043,0.686698,0.904372,0.666488
34.4,0.497469,0.551723,0.685194,0.903347,0.664621
34.45,0.496068,0.550405,0.68369,0.902314,0.662756
34.5,0.494669,0.549088,0.682186,0.901273,0.660894
34.55,0.493274,0.547773,0.680681,0.900223,0.659034
34.6,0.491882,0.546459,0.679176,0.899165,0.657177
34.65,0.490493,0.545147,0.677671,0.898099,0.655323
34.7,0.489108,0.543837,0.676166,0.897024,0.653471
34.75,0.487726,0.542528,0.674661,0.89594,0.651622
34.8,0.486347,0.541221,0.673156,0.894848,0.649776
34.85,0.484971,0.539917,0.671651,0.893748,0.647932
34.9,0.483599,0.538614,0.670146,0.892639,0.646091
34.95,0.48223,0.537313,0.668641,0.891521,0.644253
35,0.480864,0.536015,0.667136,0.890395,0.642418
35.05,0.479502,0.534719,0.665632,0.88926,0.640585
35.1,0.478143,0.533425,0.664128,0.888117,0.638755
35.15,0.476788,0.532134,0.662624,0.886965,0.636928
35.2,0.475436,0.530845,0.661121,0.885804,0.635104
35.25,0.474087,0.529559,0.659618,0.884635,0.633283
35.3,0.472742,0.528276,0.658115,0.883457,0.631464
35.35,0.4714,0.526995,0.656613,0.88227,0.629649
35.4,0.470062,0.525717,0.655111,0.881075,0.627836
35.45,0.468727,0.524442,0.65361,0.879871,0.626026
35.5,0.467396,0.523169,0.65211,0.878658,0.624219
35.55,0.466068,0.5219,0.65061,0.877437,0.622416
35.6,0.464744,0.520634,0.649111,0.876207,0.620615
35.65,0.463423,0.519371,0.647613,0.874968,0.618817
35.7,0.462105,0.518111,0.646115,0.87372,0.617022
35.75,0.460792,0.516855,0.644619,0.872463,0.61523
35.8,0.459481,0.515602,0.643123,0.871198,0.613441
35.85,0.458175,0.514352,0.641628,0.869924,0.611655
35.9,0.456871,0.513106,0.640134,0.868641,0.609872
35.95,0.455572,0.511863,0.638641,0.86735,0.608092
36,0.454276,0.510624,0.637148,0.866049,0.606315
36.05,0.452983,0.509388,0.635657,0.86474,0.604541
36.1,0.451694,0.508157,0.634168,0.863422,0.60277
36.15,0.450409,0.506929,0.632679,0.862096,0.601002
36.2,0.449127,0.505705,0.631191,0.86076,0.599238
36.25,0.447849,0.504485,0.629705,0.859416,0.597476
36.3,0.446574,0.503269,0.628219,0.858063,0.595718
36.35,0.445303,0.502057,0.626735,0.856702,0.593963
36.4,0.444036,0.500849,0.625253,0.855331,0.592211
36.45,0.442772,0.499645,0.623772,0.853952,0.590461
36.5,0.441512,0.498445,0.622292,0.852564,0.588716
36.55,0.440255,0.49725,0.620813,0.851168,0.586973
36.6,0.439002,0.496059,0.619336,0.849763,0.585233
36.65,0.437753,0.494872,0.617861,0.848349,0.583497
36.7,0.436507,0.49369,0.616387,0.846926,0.581764
36.75,0.435265,0.492512,0.614914,0.845495,0.580034
36.8,0.434027,0.491339,0.613443,0.844055,0.578307
36.85,0.432792,0.490171,0.611974,0.842606,0.576583
36.9,0.431561,0.489007,0.610507,0.841149,0.574863
36.95,0.430334,0.487848,0.609041,0.839683,0.573145
37,0.42911,0.486693,0.607577,0.838209,0.571431
37.05,0.42789,0.485544,0.606114,0.836726,0.56972
37.1,0.426673,0.484399,0.604653,0.835234,0.568013
37.15,0.42546,0.483259,0.603195,0.833734,0.566308
37.2,0.424251,0.482124,0.601738,0.832225,0.564607
37.25,0.423046,0.480994,0.600283,0.830708,0.562909
37.3,0.421844,0.479868,0.598829,0.829183,0.561215
37.35,0.420645,0.478748,0.597378,0.827649,0.559523
37.4,0.419451,0.477633,0.595929,0.826107,0.557835
37.45,0.41826,0.476524,0.594481,0.824556,0.55615
37.5,0.417072,0.475419,0.593036,0.822997,0.554468
37.55,0.415889,0.47432,0.591593,0.821429,0.55279
37.6,0.414709,0.473225,0.590152,0.819854,0.551115
37.65,0.413532,0.472137,0.588712,0.81827,0.549443
37.7,0.41236,0.471053,0.587275,0.816677,0.547774
37.75,0.411191,0.469975,0.585841,0.815077,0.546108
37.8,0.410025,0.468902,0.584408,0.813468,0.544446
37.85,0.408863,0.467834,0.582978,0.811852,0.542787
37.9,0.407705,0.466772,0.581549,0.810227,0.541132
37.95,0.40655,0.465716,0.580123,0.808594,0.539479
38,0.405399,0.464665,0.5787,0.806953,0.53783
38.05,0.404252,0.463619,0.577278,0.805304,0.536184
38.1,0.403108,0.46258,0.575859,0.803647,0.534542
38.15,0.401968,0.461545,0.574442,0.801982,0.532902
38.2,0.400832,0.460516,0.573028,0.80031,0.531266
38.25,0.399699,0.459493,0.571616,0.798629,0.529633
38.3,0.39857,0.458476,0.570206,0.796941,0.528004
38.35,0.397444,0.457464,0.568799,0.795245,0.526378
38.4,0.396322,0.456458,0.567394,0.793541,0.524755
38.45,0.395203,0.455458,0.565992,0.79183,0.523135
38.5,0.394088,0.454463,0.564592,0.790111,0.521518
38.55,0.392977,0.453475,0.563195,0.788384,0.519905
38.6,0.391869,0.452492,0.5618,0.78665,0.518295
38.65,0.390765,0.451514,0.560408,0.784908,0.516689
38.7,0.389664,0.450543,0.559018,0.783159,0.515085
38.75,0.388567,0.449577,0.557631,0.781403,0.513485
38.8,0.387473,0.448617,0.556246,0.779639,0.511888
38.85,0.386383,0.447664,0.554864,0.777868,0.510294
38.9,0.385297,0.446715,0.553485,0.776089,0.508704
38.95,0.384213,0.445773,0.552108,0.774304,0.507117
39,0.383134,0.444837,0.550734,0.772511,0.505533
39.05,0.382058,0.443907,0.549363,0.770712,0.503952
39.1,0.380985,0.442982,0.547994,0.768905,0.502374
39.15,0.379916,0.442063,0.546628,0.767091,0.5008
39.2,0.378851,0.441151,0.545265,0.765271,0.499229
39.25,0.377789,0.440244,0.543904,0.763443,0.497661
39.3,0.37673,0.439343,0.542546,0.761609,0.496097
39.35,0.375675,0.438448,0.541191,0.759768,0.494535
39.4,0.374623,0.437559,0.539839,0.75792,0.492977
39.45,0.373575,0.436676,0.538489,0.756066,0.491422
39.5,0.37253,0.435798,0.537142,0.754205,0.48987
39.55,0.371488,0.434927,0.535798,0.752338,0.488322
39.6,0.37045,0.434062,0.534457,0.750464,0.486777
39.65,0.369415,0.433202,0.533118,0.748584,0.485234
39.7,0.368384,0.432348,0.531783,0.746697,0.483695
39.75,0.367356,0.431501,0.53045,0.744804,0.48216
39.8,0.366332,0.430659,0.52912,0.742905,0.480627
39.85,0.365311,0.429823,0.527792,0.741,0.479098
39.9,0.364293,0.428993,0.526468,0.739089,0.477571
39.95,0.363278,0.428168,0.525146,0.737172,0.476048
40,0.362267,0.42735,0.523828,0.735249,0.474528
40.05,0.361259,0.426538,0.522512,0.73332,0.473011
40.1,0.360255,0.425731,0.521199,0.731385,0.471498
40.15,0.359253,0.42493,0.519889,0.729444,0.469987
40.2,0.358255,0.424135,0.518581,0.727498,0.46848
40.25,0.357261,0.423346,0.517277,0.725546,0.466976
40.3,0.356269,0.422562,0.515975,0.723589,0.465475
40.35,0.355281,0.421784,0.514677,0.721626,0.463977
40.4,0.354296,0.421012,0.513381,0.719658,0.462482
40.45,0.353314,0.420246,0.512088,0.717685,0.46099
40.5,0.352336,0.419486,0.510798,0.715706,0.459501
40.55,0.35136,0.418731,0.509511,0.713722,0.458016
40.6,0.350388,0.417981,0.508227,0.711733,0.456533
40.65,0.349419,0.417238,0.506945,0.709739,0.455054
40.7,0.348454,0.4165,0.505667,0.70774,0.453577
40.75,0.347491,0.415768,0.504391,0.705736,0.452104
40.8,0.346531,0.415041,0.503119,0.703727,0.450634
40.85,0.345575,0.41432,0.501849,0.701714,0.449167
40.9,0.344622,0.413604,0.500582,0.699696,0.447703
40.95,0.343672,0.412894,0.499318,0.697673,0.446242
41,0.342725,0.412189,0.498057,0.695646,0.444784
41.05,0.341781,0.41149,0.496799,0.693614,0.443329
41.1,0.34084,0.410796,0.495544,0.691578,0.441877
41.15,0.339902,0.410107,0.494291,0.689537,0.440428
41.2,0.338967,0.409424,0.493041,0.687493,0.438982
41.25,0.338035,0.408746,0.491795,0.685444,0.437539
41.3,0.337106,0.408074,0.490551,0.683391,0.436099
41.35,0.33618,0.407407,0.48931,0.681335,0.434663
41.4,0.335258,0.406745,0.488072,0.679274,0.433229
41.45,0.334338,0.406088,0.486837,0.677209,0.431798
41.5,0.333421,0.405436,0.485604,0.675141,0.43037
41.55,0.332507,0.404789,0.484375,0.673069,0.428945
41.6,0.331596,0.404148,0.483148,0.670993,0.427523
41.65,0.330688,0.403512,0.481924,0.668914,0.426104
41.7,0.329783,0.40288,0.480703,0.666832,0.424688
41.75,0.32888,0.402254,0.479485,0.664746,0.423275
41.8,0.327981,0.401632,0.478269,0.662657,0.421865
41.85,0.327084,0.401016,0.477057,0.660564,0.420458
41.9,0.326191,0.400404,0.475847,0.658469,0.419053
41.95,0.3253,0.399797,0.47464,0.65637,0.417652
42,0.324412,0.399195,0.473436,0.654269,0.416254
42.05,0.323526,0.398598,0.472235,0.652164,0.414858
42.1,0.322644,0.398005,0.471036,0.650057,0.413465
42.15,0.321764,0.397417,0.46984,0.647947,0.412076
42.2,0.320887,0.396834,0.468647,0.645834,0.410689
42.25,0.320013,0.396255,0.467457,0.643719,0.409305
42.3,0.319141,0.395681,0.466269,0.641601,0.407924
42.35,0.318273,0.395111,0.465084,0.639481,0.406546
42.4,0.317407,0.394546,0.463902,0.637358,0.40517
42.45,0.316543,0.393985,0.462722,0.635234,0.403798
42.5,0.315683,0.393428,0.461546,0.633107,0.402428
42.55,0.314825,0.392876,0.460371,0.630978,0.401061
42.6,0.313969,0.392328,0.4592,0.628847,0.399698
42.65,0.313116,0.391784,0.458031,0.626714,0.398336
42.7,0.312266,0.391245,0.456865,0.624579,0.396978
42.75,0.311419,0.390709,0.455702,0.622442,0.395623
42.8,0.310574,0.390178,0.454541,0.620304,0.39427
42.85,0.309732,0.38965,0.453383,0.618164,0.39292
42.9,0.308892,0.389127,0.452227,0.616022,0.391574
42.95,0.308054,0.388607,0.451074,0.613879,0.390229
43,0.30722,0.388091,0.449924,0.611735,0.388888
43.05,0.306388,0.38758,0.448776,0.60959,0.387549
43.1,0.305558,0.387071,0.447631,0.607443,0.386214
43.15,0.304731,0.386567,0.446488,0.605295,0.384881
43.2,0.303906,0.386066,0.445348,0.603146,0.383551
43.25,0.303084,0.385569,0.44421,0.600996,0.382223
43.3,0.302264,0.385076,0.443075,0.598845,0.380898
43.35,0.301446,0.384586,0.441942,0.596693,0.379577
43.4,0.300631,0.384099,0.440812,0.59454,0.378257
43.45,0.299819,0.383616,0.439684,0.592387,0.376941
43.5,0.299008,0.383136,0.438559,0.590233,0.375627
43.55,0.298201,0.382659,0.437436,0.588079,0.374317
43.6,0.297395,0.382186,0.436316,0.585924,0.373008
43.65,0.296592,0.381716,0.435198,0.583769,0.371703
43.7,0.295791,0.381249,0.434082,0.581613,0.3704
43.75,0.294992,0.380785,0.432969,0.579458,0.3691
43.8,0.294196,0.380324,0.431858,0.577302,0.367803
43.85,0.293402,0.379866,0.43075,0.575146,0.366509
43.9,0.29261,0.379411,0.429644,0.57299,0.365217
43.95,0.291821,0.378959,0.42854,0.570835,0.363928
44,0.291034,0.37851,0.427439,0.568679,0.362641
44.05,0.290249,0.378063,0.426339,0.566524,0.361358
44.1,0.289466,0.377619,0.425242,0.564369,0.360077
44.15,0.288685,0.377178,0.424148,0.562214,0.358798
44.2,0.287907,0.376739,0.423055,0.56006,0.357523
44.25,0.287131,0.376303,0.421965,0.557906,0.35625
44.3,0.286357,0.375869,0.420877,0.555753,0.35498
44.35,0.285585,0.375438,0.419792,0.553601,0.353712
44.4,0.284815,0.375009,0.418708,0.55145,0.352447
44.45,0.284047,0.374582,0.417627,0.549299,0.351185
44.5,0.283281,0.374158,0.416548,0.547149,0.349926
44.55,0.282518,0.373735,0.415471,0.545,0.348669
44.6,0.281756,0.373315,0.414396,0.542852,0.347415
44.65,0.280997,0.372897,0.413323,0.540706,0.346163
44.7,0.28024,0.372481,0.412252,0.53856,0.344914
44.75,0.279484,0.372067,0.411184,0.536416,0.343668
44.8,0.278731,0.371655,0.410117,0.534273,0.342424
44.85,0.277979,0.371245,0.409053,0.532132,0.341183
44.9,0.27723,0.370836,0.40799,0.529992,0.339945
44.95,0.276483,0.370429,0.40693,0.527853,0.33871
45,0.275737,0.370024,0.405871,0.525716,0.337477
45.05,0.274993,0.36962,0.404815,0.523581,0.336246
45.1,0.274252,0.369219,0.403761,0.521448,0.335018
45.15,0.273512,0.368818,0.402708,0.519316,0.333793
45.2,0.272774,0.368419,0.401657,0.517186,0.332571
45.25,0.272038,0.368021,0.400609,0.515058,0.331351
45.3,0.271304,0.367625,0.399562,0.512932,0.330134
45.35,0.270572,0.36723,0.398517,0.510809,0.328919
45.4,0.269842,0.366836,0.397474,0.508687,0.327707
45.45,0.269113,0.366443,0.396433,0.506567,0.326498
45.5,0.268386,0.366052,0.395394,0.50445,0.325291
45.55,0.267662,0.365661,0.394357,0.502335,0.324087
45.6,0.266938,0.365272,0.393321,0.500223,0.322886
45.65,0.266217,0.364883,0.392287,0.498113,0.321687
45.7,0.265497,0.364496,0.391255,0.496005,0.320491
45.75,0.26478,0.364109,0.390225,0.4939,0.319297
45.8,0.264064,0.363723,0.389197,0.491798,0.318106
45.85,0.263349,0.363337,0.38817,0.489698,0.316917
45.9,0.262637,0.362952,0.387145,0.487601,0.315732
45.95,0.261926,0.362568,0.386122,0.485507,0.314548
46,0.261216,0.362185,0.3851,0.483416,0.313368
46.05,0.260509,0.361802,0.38408,0.481328,0.31219
46.1,0.259803,0.361419,0.383062,0.479242,0.311014
46.15,0.259098,0.361037,0.382045,0.47716,0.309842
46.2,0.258396,0.360655,0.38103,0.475081,0.308671
46.25,0.257695,0.360273,0.380017,0.473005,0.307504
46.3,0.256995,0.359892,0.379005,0.470932,0.306339
46.35,0.256298,0.359511,0.377995,0.468863,0.305176
46.4,0.255601,0.35913,0.376986,0.466796,0.304016
46.45,0.254907,0.358749,0.375979,0.464734,0.302859
46.5,0.254214,0.358368,0.374974,0.462674,0.301705
46.55,0.253522,0.357987,0.37397,0.460618,0.300553
46.6,0.252832,0.357605,0.372967,0.458566,0.299403
46.65,0.252144,0.357224,0.371966,0.456517,0.298256
46.7,0.251457,0.356843,0.370967,0.454472,0.297112
46.75,0.250771,0.356461,0.369969,0.45243,0.295971
46.8,0.250087,0.356079,0.368972,0.450392,0.294832
46.85,0.249405,0.355697,0.367977,0.448358,0.293695
46.9,0.248724,0.355314,0.366984,0.446328,0.292561
46.95,0.248044,0.354931,0.365992,0.444302,0.29143
47,0.247366,0.354548,0.365001,0.442279,0.290301
47.05,0.246689,0.354163,0.364011,0.440261,0.289175
47.1,0.246014,0.353779,0.363023,0.438246,0.288052
47.15,0.24534,0.353393,0.362037,0.436236,0.286931
47.2,0.244668,0.353007,0.361051,0.43423,0.285813
47.25,0.243997,0.352621,0.360067,0.432228,0.284697
47.3,0.243327,0.352233,0.359085,0.43023,0.283584
47.35,0.242659,0.351845,0.358103,0.428236,0.282474
47.4,0.241992,0.351456,0.357123,0.426247,0.281366
47.45,0.241326,0.351066,0.356145,0.424262,0.280261
47.5,0.240662,0.350675,0.355167,0.422281,0.279158
47.55,0.239999,0.350283,0.354191,0.420305,0.278058
47.6,0.239337,0.349889,0.353216,0.418333,0.27696
47.65,0.238677,0.349495,0.352242,0.416366,0.275866
47.7,0.238018,0.3491,0.35127,0.414403,0.274773
47.75,0.23736,0.348704,0.350299,0.412445,0.273684
47.8,0.236704,0.348306,0.349329,0.410491,0.272597
47.85,0.236049,0.347907,0.34836,0.408542,0.271512
47.9,0.235395,0.347507,0.347392,0.406598,0.270431
47.95,0.234742,0.347105,0.346426,0.404658,0.269351
48,0.234091,0.346702,0.34546,0.402724,0.268275
48.05,0.233441,0.346298,0.344496,0.400794,0.267201
48.1,0.232792,0.345892,0.343533,0.398868,0.266129
48.15,0.232144,0.345485,0.342571,0.396948,0.265061
48.2,0.231497,0.345076,0.341611,0.395033,0.263995
48.25,0.230852,0.344665,0.340651,0.393122,0.262931
48.3,0.230208,0.344253,0.339692,0.391217,0.26187
48.35,0.229565,0.343839,0.338735,0.389316,0.260812
48.4,0.228923,0.343424,0.337779,0.38742,0.259756
48.45,0.228282,0.343007,0.336823,0.38553,0.258703
48.5,0.227643,0.342588,0.335869,0.383645,0.257653
48.55,0.227004,0.342167,0.334916,0.381764,0.256605
48.6,0.226367,0.341745,0.333964,0.379889,0.25556
48.65,0.225731,0.34132,0.333013,0.378019,0.254517
48.7,0.225096,0.340894,0.332063,0.376155,0.253477
48.75,0.224462,0.340466,0.331113,0.374295,0.25244
48.8,0.223829,0.340036,0.330165,0.372441,0.251405
48.85,0.223197,0.339603,0.329218,0.370592,0.250373
48.9,0.222566,0.339169,0.328272,0.368748,0.249344
48.95,0.221937,0.338733,0.327327,0.36691,0.248317
49,0.221308,0.338294,0.326383,0.365077,0.247293
49.05,0.220681,0.337854,0.32544,0.363249,0.246272
49.1,0.220054,0.337411,0.324498,0.361427,0.245253
49.15,0.219429,0.336966,0.323557,0.35961,0.244237
49.2,0.218805,0.336519,0.322617,0.357799,0.243223
49.25,0.218181,0.33607,0.321677,0.355993,0.242212
49.3,0.217559,0.335618,0.320739,0.354193,0.241204
49.35,0.216938,0.335164,0.319801,0.352398,0.240198
49.4,0.216317,0.334708,0.318865,0.350609,0.239195
49.45,0.215698,0.334249,0.317929,0.348825,0.238195
49.5,0.21508,0.333788,0.316995,0.347047,0.237197
49.55,0.214463,0.333325,0.316061,0.345275,0.236202
49.6,0.213846,0.332859,0.315128,0.343508,0.23521
49.65,0.213231,0.332391,0.314196,0.341747,0.23422
49.7,0.212617,0.33192,0.313265,0.339991,0.233233
49.75,0.212003,0.331447,0.312335,0.338241,0.232249
49.8,0.211391,0.330971,0.311405,0.336497,0.231267
49.85,0.210779,0.330493,0.310477,0.334758,0.230288
49.9,0.210169,0.330012,0.309549,0.333026,0.229311
49.95,0.209559,0.329528,0.308623,0.331299,0.228338
50,0.20895,0.329042,0.307697,0.329577,0.227366
50.05,0.208342,0.328553,0.306772,0.327862,0.226398
50.1,0.207736,0.328062,0.305848,0.326152,0.225432
50.15,0.20713,0.327568,0.304924,0.324448,0.224469
50.2,0.206524,0.327071,0.304002,0.32275,0.223509
50.25,0.20592,0.326572,0.30308,0.321058,0.222551
50.3,0.205317,0.32607,0.30216,0.319371,0.221596
50.35,0.204715,0.325565,0.30124,0.317691,0.220643
50.4,0.204113,0.325057,0.30032,0.316016,0.219694
50.45,0.203513,0.324547,0.299402,0.314347,0.218747
50.5,0.202913,0.324034,0.298485,0.312684,0.217802
50.55,0.202314,0.323518,0.297568,0.311027,0.21686
50.6,0.201716,0.322999,0.296652,0.309375,0.215921
50.65,0.201119,0.322478,0.295737,0.30773,0.214985
50.7,0.200523,0.321953,0.294823,0.306091,0.214051
50.75,0.199927,0.321426,0.29391,0.304457,0.21312
50.8,0.199333,0.320896,0.292997,0.30283,0.212192
50.85,0.198739,0.320363,0.292085,0.301208,0.211266
50.9,0.198146,0.319827,0.291174,0.299592,0.210343
50.95,0.197554,0.319289,0.290264,0.297983,0.209423
51,0.196963,0.318747,0.289355,0.296379,0.208505
51.05,0.196372,0.318202,0.288446,0.294781,0.207591
51.1,0.195783,0.317655,0.287539,0.293189,0.206678
51.15,0.195194,0.317105,0.286632,0.291603,0.205769
51.2,0.194606,0.316551,0.285726,0.290023,0.204862
51.25,0.194019,0.315995,0.28482,0.288449,0.203958
51.3,0.193432,0.315436,0.283916,0.286882,0.203056
51.35,0.192847,0.314874,0.283012,0.28532,0.202158
51.4,0.192262,0.314309,0.282109,0.283764,0.201261
51.45,0.191678,0.313741,0.281207,0.282214,0.200368
51.5,0.191095,0.31317,0.280306,0.28067,0.199477
51.55,0.190513,0.312596,0.279405,0.279132,0.198589
51.6,0.189931,0.312019,0.278506,0.2776,0.197704
51.65,0.18935,0.311439,0.277607,0.276074,0.196821
51.7,0.18877,0.310857,0.276709,0.274554,0.195941
51.75,0.188191,0.310271,0.275812,0.27304,0.195064
51.8,0.187613,0.309682,0.274915,0.271532,0.19419
51.85,0.187035,0.30909,0.27402,0.27003,0.193318
51.9,0.186458,0.308496,0.273125,0.268534,0.192449
51.95,0.185882,0.307898,0.272231,0.267044,0.191582
52,0.185307,0.307297,0.271338,0.26556,0.190718
52.05,0.184732,0.306694,0.270445,0.264082,0.189857
52.1,0.184158,0.306087,0.269554,0.262611,0.188999
52.15,0.183585,0.305477,0.268663,0.261145,0.188143
52.2,0.183013,0.304865,0.267773,0.259685,0.18729
52.25,0.182441,0.304249,0.266884,0.258231,0.18644
52.3,0.18187,0.303631,0.265996,0.256783,0.185592
52.35,0.1813,0.30301,0.265108,0.255341,0.184747
52.4,0.180731,0.302385,0.264222,0.253905,0.183905
52.45,0.180162,0.301758,0.263336,0.252475,0.183065
52.5,0.179595,0.301128,0.262451,0.251051,0.182229
52.55,0.179027,0.300495,0.261567,0.249633,0.181394
52.6,0.178461,0.299859,0.260684,0.248221,0.180563
52.65,0.177895,0.29922,0.259801,0.246815,0.179734
52.7,0.177331,0.298578,0.25892,0.245414,0.178908
52.75,0.176766,0.297933,0.258039,0.24402,0.178085
52.8,0.176203,0.297286,0.257159,0.242632,0.177264
52.85,0.17564,0.296635,0.256281,0.24125,0.176446
52.9,0.175078,0.295982,0.255402,0.239873,0.17563
52.95,0.174517,0.295325,0.254525,0.238503,0.174818
53,0.173957,0.294666,0.253649,0.237138,0.174008
53.05,0.173397,0.294004,0.252774,0.235779,0.1732
53.1,0.172838,0.29334,0.251899,0.234427,0.172396
53.15,0.17228,0.292672,0.251025,0.23308,0.171594
53.2,0.171722,0.292002,0.250153,0.231739,0.170795
53.25,0.171165,0.291329,0.249281,0.230404,0.169998
53.3,0.170609,0.290653,0.24841,0.229075,0.169204
53.35,0.170054,0.289974,0.24754,0.227751,0.168413
53.4,0.169499,0.289293,0.246671,0.226434,0.167624
53.45,0.168945,0.288608,0.245803,0.225122,0.166838
53.5,0.168392,0.287922,0.244935,0.223816,0.166055
53.55,0.16784,0.287232,0.244069,0.222516,0.165274
53.6,0.167288,0.28654,0.243204,0.221222,0.164496
53.65,0.166737,0.285845,0.242339,0.219934,0.163721
53.7,0.166187,0.285147,0.241476,0.218651,0.162949
53.75,0.165637,0.284447,0.240613,0.217374,0.162179
53.8,0.165089,0.283744,0.239752,0.216103,0.161411
53.85,0.16454,0.283039,0.238891,0.214838,0.160647
53.9,0.163993,0.28233,0.238031,0.213579,0.159885
53.95,0.163446,0.28162,0.237173,0.212325,0.159125
54,0.162901,0.280907,0.236315,0.211077,0.158369
54.05,0.162355,0.280191,0.235458,0.209835,0.157615
54.1,0.161811,0.279473,0.234602,0.208598,0.156863
54.15,0.161267,0.278752,0.233748,0.207367,0.156115
54.2,0.160724,0.278029,0.232894,0.206142,0.155369
54.25,0.160182,0.277303,0.232041,0.204923,0.154625
54.3,0.15964,0.276575,0.23119,0.203709,0.153884
54.35,0.1591,0.275844,0.230339,0.202501,0.153146
54.4,0.15856,0.275111,0.22949,0.201298,0.152411
54.45,0.15802,0.274376,0.228641,0.200101,0.151678
54.5,0.157482,0.273639,0.227793,0.19891,0.150947
54.55,0.156944,0.272899,0.226947,0.197725,0.15022
54.6,0.156407,0.272156,0.226102,0.196545,0.149495
54.65,0.15587,0.271412,0.225257,0.19537,0.148772
54.7,0.155334,0.270665,0.224414,0.194201,0.148052
54.75,0.1548,0.269916,0.223572,0.193038,0.147335
54.8,0.154265,0.269165,0.222731,0.19188,0.146621
54.85,0.153732,0.268411,0.221891,0.190728,0.145909
54.9,0.153199,0.267655,0.221052,0.189581,0.145199
54.95,0.152667,0.266898,0.220214,0.18844,0.144492
55,0.152136,0.266138,0.219378,0.187304,0.143788
55.05,0.151606,0.265376,0.218542,0.186174,0.143087
55.1,0.151076,0.264612,0.217708,0.185049,0.142388
55.15,0.150547,0.263845,0.216874,0.183929,0.141691
55.2,0.150019,0.263077,0.216042,0.182815,0.140997
55.25,0.149491,0.262307,0.215211,0.181707,0.140306
55.3,0.148965,0.261535,0.214382,0.180603,0.139617
55.35,0.148439,0.260761,0.213553,0.179506,0.138931
55.4,0.147913,0.259985,0.212726,0.178413,0.138248
55.45,0.147389,0.259207,0.211899,0.177326,0.137567
55.5,0.146865,0.258427,0.211074,0.176244,0.136888
55.55,0.146342,0.257646,0.21025,0.175168,0.136212
55.6,0.14582,0.256862,0.209428,0.174097,0.135539
55.65,0.145299,0.256077,0.208606,0.173031,0.134868
55.7,0.144778,0.25529,0.207786,0.171971,0.1342
55.75,0.144258,0.254501,0.206967,0.170915,0.133534
55.8,0.143739,0.253711,0.206149,0.169865,0.132871
55.85,0.143221,0.252919,0.205333,0.168821,0.13221
55.9,0.142703,0.252125,0.204518,0.167781,0.131552
55.95,0.142187,0.25133,0.203704,0.166747,0.130897
56,0.141671,0.250533,0.202891,0.165718,0.130244
56.05,0.141155,0.249734,0.20208,0.164694,0.129593
56.1,0.140641,0.248934,0.201269,0.163675,0.128945
56.15,0.140127,0.248133,0.200461,0.162661,0.1283
56.2,0.139615,0.24733,0.199653,0.161652,0.127657
56.25,0.139103,0.246525,0.198847,0.160649,0.127016
56.3,0.138591,0.245719,0.198042,0.159651,0.126378
56.35,0.138081,0.244912,0.197238,0.158657,0.125742
56.4,0.137571,0.244103,0.196436,0.157669,0.125109
56.45,0.137062,0.243293,0.195635,0.156686,0.124479
56.5,0.136554,0.242482,0.194836,0.155708,0.123851
56.55,0.136047,0.24167,0.194037,0.154734,0.123225
56.6,0.135541,0.240856,0.193241,0.153766,0.122602
56.65,0.135035,0.240041,0.192445,0.152803,0.121981
56.7,0.13453,0.239224,0.191651,0.151845,0.121363
56.75,0.134026,0.238407,0.190858,0.150892,0.120747
56.8,0.133523,0.237589,0.190067,0.149943,0.120134
56.85,0.13302,0.236769,0.189277,0.149,0.119523
56.9,0.132519,0.235948,0.188489,0.148061,0.118914
56.95,0.132018,0.235126,0.187702,0.147127,0.118308
57,0.131518,0.234304,0.186916,0.146199,0.117705
57.05,0.131019,0.23348,0.186132,0.145275,0.117104
57.1,0.130521,0.232655,0.185349,0.144356,0.116505
57.15,0.130024,0.23183,0.184568,0.143441,0.115909
57.2,0.129527,0.231003,0.183788,0.142532,0.115315
57.25,0.129031,0.230176,0.183009,0.141627,0.114723
57.3,0.128536,0.229348,0.182232,0.140727,0.114134
57.35,0.128042,0.228519,0.181457,0.139832,0.113547
57.4,0.127549,0.227689,0.180683,0.138941,0.112963
57.45,0.127057,0.226859,0.179911,0.138055,0.112381
57.5,0.126565,0.226028,0.17914,0.137174,0.111801
57.55,0.126075,0.225196,0.17837,0.136298,0.111224
57.6,0.125585,0.224364,0.177602,0.135426,0.110649
57.65,0.125096,0.22353,0.176836,0.134559,0.110076
57.7,0.124608,0.222697,0.176071,0.133696,0.109506
57.75,0.124121,0.221863,0.175308,0.132838,0.108938
57.8,0.123634,0.221028,0.174546,0.131985,0.108373
57.85,0.123149,0.220193,0.173786,0.131136,0.10781
57.9,0.122664,0.219357,0.173027,0.130292,0.107249
57.95,0.122181,0.218521,0.17227,0.129452,0.10669
58,0.121698,0.217684,0.171515,0.128617,0.106134
58.05,0.121216,0.216848,0.170761,0.127786,0.10558
58.1,0.120735,0.21601,0.170008,0.12696,0.105029
58.15,0.120255,0.215173,0.169258,0.126138,0.104479
58.2,0.119775,0.214335,0.168509,0.125321,0.103932
58.25,0.119297,0.213497,0.167761,0.124508,0.103388
58.3,0.118819,0.212659,0.167015,0.1237,0.102845
58.35,0.118343,0.21182,0.166271,0.122896,0.102305
58.4,0.117867,0.210982,0.165528,0.122096,0.101767
58.45,0.117392,0.210143,0.164787,0.121301,0.101232
58.5,0.116919,0.209304,0.164048,0.12051,0.100698
58.55,0.116446,0.208465,0.16331,0.119724,0.100167
58.6,0.115974,0.207626,0.162574,0.118942,0.0996384
58.65,0.115502,0.206787,0.16184,0.118164,0.0991118
58.7,0.115032,0.205948,0.161107,0.11739,0.0985874
58.75,0.114563,0.205109,0.160376,0.116621,0.0980653
58.8,0.114095,0.20427,0.159647,0.115855,0.0975454
58.85,0.113627,0.203432,0.158919,0.115095,0.0970277
58.9,0.113161,0.202593,0.158194,0.114338,0.0965123
58.95,0.112695,0.201755,0.157469,0.113585,0.095999
59,0.11223,0.200917,0.156747,0.112837,0.0954879
59.05,0.111767,0.200079,0.156026,0.112093,0.0949791
59.1,0.111304,0.199241,0.155307,0.111353,0.0944724
59.15,0.110842,0.198403,0.15459,0.110617,0.0939679
59.2,0.110381,0.197566,0.153874,0.109885,0.0934656
59.25,0.109921,0.196729,0.153161,0.109158,0.0929654
59.3,0.109462,0.195893,0.152449,0.108434,0.0924674
59.35,0.109004,0.195057,0.151738,0.107714,0.0919716
59.4,0.108547,0.194221,0.15103,0.106999,0.0914779
59.45,0.108091,0.193386,0.150323,0.106288,0.0909864
59.5,0.107636,0.192551,0.149618,0.10558,0.090497
59.55,0.107182,0.191717,0.148915,0.104877,0.0900097
59.6,0.106729,0.190883,0.148213,0.104177,0.0895245
59.65,0.106277,0.19005,0.147514,0.103482,0.0890415
59.7,0.105825,0.189217,0.146816,0.10279,0.0885606
59.75,0.105375,0.188386,0.14612,0.102102,0.0880818
59.8,0.104926,0.187554,0.145426,0.101419,0.0876051
59.85,0.104477,0.186724,0.144733,0.100739,0.0871304
59.9,0.10403,0.185894,0.144043,0.100063,0.0866579
59.95,0.103584,0.185064,0.143354,0.0993908,0.0861875
60,0.103138,0.184236,0.142667,0.0987226,0.0857191
60.05,0.102694,0.183408,0.141982,0.0980582,0.0852528
60.1,0.102251,0.182581,0.141299,0.0973975,0.0847885
60.15,0.101808,0.181755,0.140617,0.0967407,0.0843264
60.2,0.101367,0.18093,0.139938,0.0960877,0.0838662
60.25,0.100927,0.180106,0.13926,0.0954384,0.0834081
60.3,0.100487,0.179282,0.138584,0.0947928,0.0829521
60.35,0.100049,0.17846,0.13791,0.094151,0.082498
60.4,0.0996115,0.177638,0.137238,0.0935129,0.082046
60.45,0.0991751,0.176817,0.136568,0.0928785,0.081596
60.5,0.0987398,0.175998,0.135899,0.0922478,0.081148
60.55,0.0983055,0.175179,0.135233,0.0916207,0.0807021
60.6,0.0978722,0.174362,0.134568,0.0909973,0.0802581
60.65,0.0974399,0.173545,0.133906,0.0903775,0.0798161
60.7,0.0970086,0.17273,0.133245,0.0897614,0.0793761
60.75,0.0965784,0.171916,0.132586,0.0891488,0.0789381
60.8,0.0961492,0.171103,0.131929,0.0885398,0.078502
60.85,0.095721,0.170291,0.131274,0.0879344,0.0780679
60.9,0.0952939,0.16948,0.130621,0.0873325,0.0776358
60.95,0.0948678,0.16867,0.129969,0.0867342,0.0772056
61,0.0944427,0.167862,0.12932,0.0861393,0.0767774
61.05,0.0940187,0.167055,0.128673,0.085548,0.0763511
61.1,0.0935957,0.166249,0.128027,0.0849602,0.0759267
61.15,0.0931738,0.165445,0.127383,0.0843758,0.0755043
61.2,0.0927529,0.164642,0.126742,0.0837949,0.0750838
61.25,0.092333,0.16384,0.126102,0.0832174,0.0746652
61.3,0.0919142,0.16304,0.125464,0.0826434,0.0742485
61.35,0.0914965,0.162241,0.124828,0.0820727,0.0738337
61.4,0.0910797,0.161443,0.124195,0.0815055,0.0734208
61.45,0.0906641,0.160647,0.123563,0.0809416,0.0730098
61.5,0.0902495,0.159852,0.122933,0.0803811,0.0726006
61.55,0.089836,0.159059,0.122305,0.0798239,0.0721934
61.6,0.0894235,0.158267,0.121679,0.07927,0.071788
61.65,0.0890121,0.157477,0.121054,0.0787195,0.0713845
61.7,0.0886018,0.156688,0.120432,0.0781723,0.0709828
61.75,0.0881925,0.155901,0.119812,0.0776283,0.070583
61.8,0.0877843,0.155115,0.119194,0.0770876,0.070185
61.85,0.0873772,0.154331,0.118578,0.0765502,0.0697889
61.9,0.0869711,0.153549,0.117963,0.076016,0.0693946
61.95,0.0865661,0.152768,0.117351,0.075485,0.0690021
62,0.0861622,0.151989,0.116741,0.0749572,0.0686114
62.05,0.0857594,0.151212,0.116132,0.0744326,0.0682225
62.1,0.0853576,0.150436,0.115526,0.0739112,0.0678355
62.15,0.0849569,0.149662,0.114922,0.0733929,0.0674502
62.2,0.0845573,0.14889,0.114319,0.0728778,0.0670668
62.25,0.0841588,0.148119,0.113719,0.0723658,0.0666851
62.3,0.0837614,0.14735,0.113121,0.0718569,0.0663052
62.35,0.0833651,0.146583,0.112524,0.0713511,0.065927
62.4,0.0829698,0.145818,0.11193,0.0708484,0.0655507
62.45,0.0825757,0.145055,0.111337,0.0703488,0.0651761
62.5,0.0821826,0.144293,0.110747,0.0698522,0.0648032
62.55,0.0817906,0.143534,0.110159,0.0693587,0.0644321
62.6,0.0813997,0.142776,0.109572,0.0688682,0.0640627
62.65,0.0810099,0.14202,0.108988,0.0683807,0.0636951
62.7,0.0806213,0.141266,0.108405,0.0678962,0.0633292
62.75,0.0802337,0.140513,0.107825,0.0674147,0.062965
62.8,0.0798472,0.139763,0.107247,0.0669361,0.0626026
62.85,0.0794618,0.139015,0.10667,0.0664605,0.0622418
62.9,0.0790775,0.138268,0.106096,0.0659878,0.0618827
62.95,0.0786943,0.137524,0.105523,0.0655181,0.0615254
63,0.0783122,0.136781,0.104953,0.0650512,0.0611697
63.05,0.0779313,0.136041,0.104385,0.0645873,0.0608157
63.1,0.0775514,0.135303,0.103818,0.0641262,0.0604634
63.15,0.0771726,0.134566,0.103254,0.063668,0.0601128
63.2,0.076795,0.133832,0.102692,0.0632126,0.0597638
63.25,0.0764185,0.133099,0.102131,0.0627601,0.0594165
63.3,0.076043,0.132369,0.101573,0.0623104,0.0590708
63.35,0.0756687,0.131641,0.101017,0.0618635,0.0587268
63.4,0.0752955,0.130915,0.100463,0.0614194,0.0583845
63.45,0.0749234,0.130191,0.0999104,0.0609781,0.0580437
63.5,0.0745525,0.129469,0.0993602,0.0605395,0.0577046
63.55,0.0741826,0.128749,0.098812,0.0601037,0.0573671
63.6,0.0738139,0.128032,0.0982658,0.0596706,0.0570313
63.65,0.0734462,0.127316,0.0977216,0.0592403,0.056697
63.7,0.0730797,0.126603,0.0971795,0.0588126,0.0563643
63.75,0.0727143,0.125892,0.0966393,0.0583877,0.0560333
63.8,0.0723501,0.125183,0.0961012,0.0579654,0.0557038
63.85,0.0719869,0.124476,0.0955651,0.0575458,0.0553759
63.9,0.0716249,0.123772,0.095031,0.0571288,0.0550496
63.95,0.071264,0.123069,0.0944989,0.0567145,0.0547249
64,0.0709042,0.122369,0.0939688,0.0563028,0.0544017
64.05,0.0705456,0.121671,0.0934407,0.0558938,0.0540801
64.1,0.070188,0.120976,0.0929147,0.0554873,0.05376
64.15,0.0698316,0.120282,0.0923906,0.0550834,0.0534415
64.2,0.0694763,0.119591,0.0918686,0.0546821,0.0531246
64.25,0.0691222,0.118902,0.0913486,0.0542833,0.0528092
64.3,0.0687691,0.118216,0.0908306,0.0538871,0.0524953
64.35,0.0684172,0.117532,0.0903146,0.0534934,0.0521829
64.4,0.0680665,0.11685,0.0898006,0.0531023,0.0518721
64.45,0.0677168,0.11617,0.0892886,0.0527136,0.0515627
64.5,0.0673683,0.115493,0.0887786,0.0523274,0.0512549
64.55,0.0670209,0.114818,0.0882706,0.0519437,0.0509486
64.6,0.0666746,0.114145,0.0877646,0.0515625,0.0506438
64.65,0.0663294,0.113475,0.0872607,0.0511837,0.0503404
64.7,0.0659854,0.112807,0.0867587,0.0508074,0.0500386
64.75,0.0656425,0.112141,0.0862587,0.0504335,0.0497382
64.8,0.0653008,0.111478,0.0857607,0.050062,0.0494393
64.85,0.0649601,0.110817,0.0852647,0.0496929,0.0491418
64.9,0.0646206,0.110159,0.0847708,0.0493262,0.0488459
64.95,0.0642823,0.109503,0.0842788,0.0489619,0.0485513
65,0.063945,0.108849,0.0837887,0.0485999,0.0482583
65.05,0.0636089,0.108198,0.0833007,0.0482403,0.0479666
65.1,0.0632739,0.107549,0.0828147,0.047883,0.0476764
65.15,0.06294,0.106902,0.0823306,0.0475281,0.0473877
65.2,0.0626073,0.106258,0.0818486,0.0471754,0.0471003
65.25,0.0622757,0.105617,0.0813685,0.0468251,0.0468144
65.3,0.0619452,0.104977,0.0808904,0.046477,0.0465299
65.35,0.0616159,0.104341,0.0804143,0.0461312,0.0462468
65.4,0.0612877,0.103706,0.0799401,0.0457877,0.0459651
65.45,0.0609606,0.103074,0.0794679,0.0454464,0.0456848
65.5,0.0606346,0.102445,0.0789977,0.0451074,0.0454059
65.55,0.0603098,0.101818,0.0785295,0.0447706,0.0451284
65.6,0.0599861,0.101193,0.0780632,0.044436,0.0448523
65.65,0.0596635,0.100571,0.0775989,0.0441036,0.0445775
65.7,0.059342,0.0999514,0.0771365,0.0437734,0.0443042
65.75,0.0590217,0.0993341,0.0766761,0.0434453,0.0440321
65.8,0.0587025,0.0987194,0.0762177,0.0431195,0.0437615
65.85,0.0583844,0.0981071,0.0757612,0.0427957,0.0434921
65.9,0.0580674,0.0974973,0.0753067,0.0424742,0.0432242
65.95,0.0577516,0.0968899,0.0748541,0.0421547,0.0429576
66,0.0574369,0.0962851,0.0744034,0.0418374,0.0426923
66.05,0.0571233,0.0956827,0.0739547,0.0415221,0.0424283
66.1,0.0568108,0.0950828,0.073508,0.041209,0.0421657
66.15,0.0564995,0.0944854,0.0730631,0.0408979,0.0419044
66.2,0.0561893,0.0938905,0.0726202,0.0405889,0.0416444
66.25,0.0558802,0.093298,0.0721793,0.040282,0.0413857
66.3,0.0555722,0.0927081,0.0717402,0.0399771,0.0411283
66.35,0.0552653,0.0921206,0.0713031,0.0396743,0.0408722
66.4,0.0549596,0.0915357,0.0708679,0.0393734,0.0406174
66.45,0.054655,0.0909532,0.0704347,0.0390746,0.0403639
66.5,0.0543515,0.0903732,0.0700033,0.0387778,0.0401117
66.55,0.0540491,0.0897958,0.0695738,0.038483,0.0398608
66.6,0.0537478,0.0892208,0.0691463,0.0381901,0.0396111
66.65,0.0534476,0.0886483,0.0687207,0.0378992,0.0393627
66.7,0.0531486,0.0880783,0.0682969,0.0376103,0.0391156
66.75,0.0528506,0.0875108,0.0678751,0.0373233,0.0388697
66.8,0.0525538,0.0869459,0.0674551,0.0370382,0.038625
66.85,0.0522581,0.0863834,0.0670371,0.0367551,0.0383816
66.9,0.0519635,0.0858234,0.0666209,0.0364739,0.0381395
66.95,0.05167,0.0852659,0.0662066,0.0361945,0.0378986
67,0.0513776,0.0847109,0.0657942,0.0359171,0.0376589
67.05,0.0510863,0.0841584,0.0653837,0.0356415,0.0374204
67.1,0.0507962,0.0836084,0.064975,0.0353678,0.0371832
67.15,0.0505071,0.0830609,0.0645682,0.035096,0.0369472
67.2,0.0502191,0.0825159,0.0641633,0.034826,0.0367123
67.25,0.0499323,0.0819734,0.0637603,0.0345578,0.0364787
67.3,0.0496465,0.0814334,0.063359,0.0342915,0.0362463
67.35,0.0493618,0.0808959,0.0629597,0.0340269,0.0360151
67.4,0.0490783,0.0803609,0.0625622,0.0337642,0.0357851
67.45,0.0487958,0.0798283,0.0621665,0.0335032,0.0355562
67.5,0.0485144,0.0792983,0.0617727,0.0332441,0.0353286
67.55,0.0482342,0.0787707,0.0613807,0.0329867,0.0351021
67.6,0.047955,0.0782456,0.0609905,0.0327311,0.0348767
67.65,0.0476769,0.077723,0.0606022,0.0324772,0.0346526
67.7,0.0473999,0.0772029,0.0602157,0.032225,0.0344296
67.75,0.047124,0.0766853,0.059831,0.0319746,0.0342077
67.8,0.0468492,0.0761701,0.0594482,0.0317259,0.0339871
67.85,0.0465754,0.0756574,0.0590671,0.0314789,0.0337675
67.9,0.0463028,0.0751471,0.0586879,0.0312336,0.0335491
67.95,0.0460312,0.0746394,0.0583104,0.03099,0.0333318
68,0.0457607,0.0741341,0.0579348,0.0307481,0.0331157
68.05,0.0454913,0.0736312,0.0575609,0.0305078,0.0329007
68.1,0.045223,0.0731309,0.0571888,0.0302692,0.0326868
68.15,0.0449558,0.0726329,0.0568186,0.0300323,0.032474
68.2,0.0446896,0.0721374,0.0564501,0.029797,0.0322623
68.25,0.0444245,0.0716444,0.0560833,0.0295633,0.0320517
68.3,0.0441605,0.0711538,0.0557184,0.0293312,0.0318423
68.35,0.0438975,0.0706657,0.0553552,0.0291007,0.0316339
68.4,0.0436357,0.07018,0.0549938,0.0288719,0.0314266
68.45,0.0433748,0.0696967,0.0546341,0.0286446,0.0312204
68.5,0.0431151,0.0692158,0.0542762,0.0284189,0.0310153
68.55,0.0428564,0.0687374,0.05392,0.0281947,0.0308113
68.6,0.0425988,0.0682614,0.0535656,0.0279722,0.0306083
68.65,0.0423423,0.0677878,0.0532129,0.0277511,0.0304064
68.7,0.0420868,0.0673166,0.052862,0.0275316,0.0302056
68.75,0.0418323,0.0668478,0.0525128,0.0273137,0.0300058
68.8,0.041579,0.0663814,0.0521653,0.0270973,0.0298071
68.85,0.0413266,0.0659175,0.0518195,0.0268823,0.0296094
68.9,0.0410754,0.0654559,0.0514754,0.0266689,0.0294128
68.95,0.0408251,0.0649967,0.0511331,0.026457,0.0292172
69,0.040576,0.0645399,0.0507924,0.0262466,0.0290227
69.05,0.0403279,0.0640854,0.0504535,0.0260376,0.0288292
69.1,0.0400808,0.0636334,0.0501162,0.0258301,0.0286367
69.15,0.0398347,0.0631837,0.0497807,0.0256241,0.0284452
69.2,0.0395898,0.0627364,0.0494468,0.0254195,0.0282548
69.25,0.0393458,0.0622914,0.0491146,0.0252163,0.0280653
69.3,0.0391029,0.0618488,0.0487841,0.0250146,0.0278769
69.35,0.038861,0.0614085,0.0484552,0.0248143,0.0276895
69.4,0.0386202,0.0609706,0.0481281,0.0246154,0.0275031
69.45,0.0383803,0.060535,0.0478025,0.0244179,0.0273177
69.5,0.0381416,0.0601017,0.0474787,0.0242218,0.0271332
69.55,0.0379038,0.0596708,0.0471564,0.0240271,0.0269498
69.6,0.0376671,0.0592421,0.0468359,0.0238338,0.0267673
69.65,0.0374314,0.0588158,0.0465169,0.0236418,0.0265858
69.7,0.0371967,0.0583918,0.0461996,0.0234512,0.0264053
69.75,0.036963,0.0579701,0.045884,0.0232619,0.0262258
69.8,0.0367304,0.0575507,0.0455699,0.023074,0.0260472
69.85,0.0364987,0.0571336,0.0452575,0.0228874,0.0258696
69.9,0.0362681,0.0567187,0.0449467,0.0227022,0.0256929
69.95,0.0360385,0.0563062,0.0446375,0.0225182,0.0255172
70,0.0358099,0.0558959,0.0443299,0.0223356,0.0253424
70.05,0.0355823,0.0554878,0.0440239,0.0221543,0.0251686
70.1,0.0353557,0.055082,0.0437195,0.0219742,0.0249958
70.15,0.0351301,0.0546785,0.0434167,0.0217955,0.0248238
70.2,0.0349055,0.0542772,0.0431154,0.021618,0.0246528
70.25,0.0346819,0.0538782,0.0428157,0.0214418,0.0244827
70.3,0.0344593,0.0534814,0.0425177,0.0212669,0.0243136
70.35,0.0342377,0.0530868,0.0422211,0.0210932,0.0241453
70.4,0.0340171,0.0526944,0.0419262,0.0209207,0.023978
70.45,0.0337975,0.0523042,0.0416328,0.0207495,0.0238116
70.5,0.0335789,0.0519162,0.0413409,0.0205795,0.0236461
70.55,0.0333612,0.0515304,0.0410506,0.0204107,0.0234815
70.6,0.0331445,0.0511469,0.0407618,0.0202431,0.0233178
70.65,0.0329288,0.0507655,0.0404746,0.0200768,0.0231549
70.7,0.0327141,0.0503862,0.0401889,0.0199116,0.022993
70.75,0.0325004,0.0500092,0.0399047,0.0197476,0.022832
70.8,0.0322876,0.0496342,0.039622,0.0195848,0.0226718
70.85,0.0320758,0.0492615,0.0393409,0.0194232,0.0225125
70.9,0.031865,0.0488909,0.0390612,0.0192627,0.0223541
70.95,0.0316551,0.0485224,0.0387831,0.0191034,0.0221966
71,0.0314462,0.0481561,0.0385065,0.0189453,0.0220399
71.05,0.0312383,0.0477919,0.0382313,0.0187883,0.0218841
71.1,0.0310313,0.0474298,0.0379576,0.0186324,0.0217292
71.15,0.0308253,0.0470698,0.0376854,0.0184776,0.0215751
71.2,0.0306202,0.0467119,0.0374147,0.018324,0.0214218
71.25,0.0304161,0.0463561,0.0371455,0.0181715,0.0212694
71.3,0.030213,0.0460024,0.0368777,0.0180201,0.0211179
71.35,0.0300107,0.0456507,0.0366114,0.0178698,0.0209672
71.4,0.0298095,0.0453012,0.0363465,0.0177205,0.0208173
71.45,0.0296091,0.0449537,0.0360831,0.0175724,0.0206682
71.5,0.0294097,0.0446082,0.0358211,0.0174253,0.02052
71.55,0.0292113,0.0442648,0.0355606,0.0172793,0.0203726
71.6,0.0290137,0.0439235,0.0353015,0.0171344,0.020226
71.65,0.0288171,0.0435841,0.0350438,0.0169905,0.0200803
71.7,0.0286215,0.0432468,0.0347875,0.0168477,0.0199353
71.75,0.0284267,0.0429115,0.0345327,0.0167059,0.0197912
71.8,0.0282329,0.0425783,0.0342793,0.0165651,0.0196478
71.85,0.02804,0.042247,0.0340272,0.0164254,0.0195053
71.9,0.027848,0.0419177,0.0337766,0.0162867,0.0193635
71.95,0.027657,0.0415904,0.0335274,0.016149,0.0192226
72,0.0274668,0.0412651,0.0332795,0.0160123,0.0190824
72.05,0.0272776,0.0409417,0.033033,0.0158766,0.0189431
72.1,0.0270893,0.0406203,0.0327879,0.0157419,0.0188045
72.15,0.0269018,0.0403009,0.0325442,0.0156082,0.0186667
72.2,0.0267153,0.0399834,0.0323019,0.0154754,0.0185296
72.25,0.0265297,0.0396678,0.0320609,0.0153437,0.0183934
72.3,0.026345,0.0393542,0.0318212,0.0152129,0.0182579
72.35,0.0261612,0.0390425,0.0315829,0.015083,0.0181231
72.4,0.0259782,0.0387327,0.031346,0.0149542,0.0179892
72.45,0.0257962,0.0384248,0.0311104,0.0148262,0.017856
72.5,0.025615,0.0381188,0.0308761,0.0146992,0.0177235
72.55,0.0254348,0.0378147,0.0306432,0.0145732,0.0175918
72.6,0.0252554,0.0375125,0.0304115,0.014448,0.0174608
72.65,0.0250769,0.0372122,0.0301812,0.0143238,0.0173306
72.7,0.0248993,0.0369137,0.0299523,0.0142005,0.0172011
72.75,0.0247225,0.0366171,0.0297246,0.0140782,0.0170724
72.8,0.0245466,0.0363223,0.0294982,0.0139567,0.0169444
72.85,0.0243716,0.0360293,0.0292731,0.0138361,0.0168171
72.9,0.0241975,0.0357382,0.0290493,0.0137164,0.0166906
72.95,0.0240242,0.0354489,0.0288268,0.0135976,0.0165647
73,0.0238518,0.0351615,0.0286055,0.0134797,0.0164396
73.05,0.0236803,0.0348758,0.0283856,0.0133626,0.0163152
73.1,0.0235096,0.034592,0.0281669,0.0132464,0.0161916
73.15,0.0233397,0.0343099,0.0279494,0.0131311,0.0160686
73.2,0.0231707,0.0340296,0.0277333,0.0130166,0.0159463
73.25,0.0230026,0.0337511,0.0275184,0.012903,0.0158248
73.3,0.0228353,0.0334744,0.0273047,0.0127902,0.0157039
73.35,0.0226688,0.0331994,0.0270922,0.0126783,0.0155837
73.4,0.0225032,0.0329261,0.0268811,0.0125671,0.0154643
73.45,0.0223385,0.0326546,0.0266711,0.0124569,0.0153455
73.5,0.0221745,0.0323849,0.0264624,0.0123474,0.0152274
73.55,0.0220114,0.0321169,0.0262548,0.0122387,0.0151099
73.6,0.0218492,0.0318505,0.0260485,0.0121309,0.0149932
73.65,0.0216877,0.0315859,0.0258434,0.0120239,0.0148771
73.7,0.0215271,0.031323,0.0256396,0.0119176,0.0147618
73.75,0.0213673,0.0310618,0.0254369,0.0118122,0.014647
73.8,0.0212083,0.0308023,0.0252354,0.0117075,0.014533
73.85,0.0210501,0.0305445,0.0250351,0.0116036,0.0144196
73.9,0.0208928,0.0302883,0.0248359,0.0115005,0.0143069
73.95,0.0207363,0.0300338,0.024638,0.0113982,0.0141948
74,0.0205805,0.0297809,0.0244412,0.0112966,0.0140834
74.05,0.0204256,0.0295297,0.0242456,0.0111958,0.0139726
74.1,0.0202715,0.0292801,0.0240512,0.0110958,0.0138625
74.15,0.0201182,0.0290322,0.0238579,0.0109965,0.013753
74.2,0.0199657,0.0287858,0.0236658,0.0108979,0.0136442
74.25,0.0198139,0.0285411,0.0234748,0.0108001,0.013536
74.3,0.019663,0.028298,0.023285,0.010703,0.0134285
74.35,0.0195129,0.0280565,0.0230963,0.0106066,0.0133215
74.4,0.0193635,0.0278166,0.0229087,0.010511,0.0132152
74.45,0.019215,0.0275782,0.0227223,0.0104161,0.0131096
74.5,0.0190672,0.0273415,0.0225369,0.0103219,0.0130045
74.55,0.0189202,0.0271063,0.0223527,0.0102284,0.0129001
74.6,0.018774,0.0268726,0.0221696,0.0101356,0.0127963
74.65,0.0186285,0.0266405,0.0219876,0.0100435,0.0126931
74.7,0.0184838,0.02641,0.0218068,0.00995212,0.0125905
74.75,0.0183399,0.0261809,0.021627,0.00986141,0.0124886
74.8,0.0181968,0.0259534,0.0214483,0.00977139,0.0123872
74.85,0.0180544,0.0257275,0.0212707,0.00968205,0.0122864
74.9,0.0179128,0.025503,0.0210941,0.00959338,0.0121863
74.95,0.0177719,0.02528,0.0209187,0.00950538,0.0120867
75,0.0176318,0.0250585,0.0207443,0.00941805,0.0119878
75.05,0.0174925,0.0248385,0.020571,0.00933138,0.0118894
75.1,0.0173539,0.02462,0.0203987,0.00924536,0.0117916
75.15,0.017216,0.024403,0.0202275,0.00916,0.0116944
75.2,0.0170789,0.0241874,0.0200574,0.00907528,0.0115978
75.25,0.0169426,0.0239733,0.0198883,0.00899121,0.0115017
75.3,0.0168069,0.0237606,0.0197202,0.00890777,0.0114063
75.35,0.0166721,0.0235494,0.0195532,0.00882496,0.0113114
75.4,0.0165379,0.0233396,0.0193872,0.00874279,0.0112171
75.45,0.0164045,0.0231312,0.0192222,0.00866124,0.0111233
75.5,0.0162718,0.0229242,0.0190583,0.00858031,0.0110301
75.55,0.0161399,0.0227187,0.0188954,0.00849999,0.0109375
75.6,0.0160086,0.0225145,0.0187335,0.00842029,0.0108455
75.65,0.0158781,0.0223118,0.0185726,0.00834119,0.010754
75.7,0.0157483,0.0221104,0.0184127,0.0082627,0.010663
75.75,0.0156192,0.0219104,0.0182538,0.0081848,0.0105726
75.8,0.0154909,0.0217118,0.0180958,0.0081075,0.0104828
75.85,0.0153632,0.0215146,0.0179389,0.00803079,0.0103935
75.9,0.0152363,0.0213187,0.017783,0.00795467,0.0103048
75.95,0.0151101,0.0211241,0.017628,0.00787912,0.0102165
76,0.0149845,0.0209309,0.017474,0.00780416,0.0101289
76.05,0.0148597,0.0207391,0.017321,0.00772977,0.0100418
76.1,0.0147356,0.0205485,0.017169,0.00765594,0.00995516
76.15,0.0146121,0.0203593,0.0170179,0.00758269,0.00986909
76.2,0.0144894,0.0201714,0.0168678,0.00750999,0.00978356
76.25,0.0143674,0.0199848,0.0167186,0.00743785,0.00969855
76.3,0.014246,0.0197995,0.0165704,0.00736627,0.00961407
76.35,0.0141253,0.0196155,0.0164231,0.00729524,0.00953011
76.4,0.0140053,0.0194327,0.0162767,0.00722475,0.00944667
76.45,0.013886,0.0192513,0.0161313,0.0071548,0.00936374
76.5,0.0137674,0.0190711,0.0159868,0.00708539,0.00928133
76.55,0.0136494,0.0188922,0.0158432,0.00701652,0.00919943
76.6,0.0135322,0.0187145,0.0157006,0.00694818,0.00911804
76.65,0.0134156,0.0185381,0.0155589,0.00688036,0.00903716
76.7,0.0132996,0.0183629,0.015418,0.00681307,0.00895677
76.75,0.0131843,0.018189,0.0152781,0.00674629,0.0088769
76.8,0.0130697,0.0180163,0.0151391,0.00668003,0.00879752
76.85,0.0129558,0.0178448,0.015001,0.00661429,0.00871863
76.9,0.0128425,0.0176745,0.0148638,0.00654905,0.00864025
76.95,0.0127299,0.0175054,0.0147274,0.00648432,0.00856235
77,0.0126179,0.0173376,0.014592,0.00642008,0.00848494
77.05,0.0125065,0.0171709,0.0144574,0.00635635,0.00840803
77.1,0.0123959,0.0170054,0.0143237,0.00629311,0.00833159
77.15,0.0122858,0.0168411,0.0141909,0.00623036,0.00825564
77.2,0.0121764,0.0166779,0.014059,0.0061681,0.00818017
77.25,0.0120677,0.016516,0.0139279,0.00610632,0.00810518
77.3,0.0119596,0.0163552,0.0137976,0.00604502,0.00803066
77.35,0.0118521,0.0161955,0.0136683,0.0059842,0.00795662
77.4,0.0117453,0.016037,0.0135397,0.00592386,0.00788304
77.45,0.0116391,0.0158796,0.013412,0.00586398,0.00780994
77.5,0.0115335,0.0157234,0.0132852,0.00580457,0.0077373
77.55,0.0114285,0.0155683,0.0131592,0.00574563,0.00766513
77.6,0.0113242,0.0154143,0.013034,0.00568714,0.00759342
77.65,0.0112205,0.0152614,0.0129097,0.00562911,0.00752217
77.7,0.0111174,0.0151096,0.0127862,0.00557154,0.00745137
77.75,0.011015,0.0149589,0.0126635,0.00551442,0.00738104
77.8,0.0109131,0.0148094,0.0125416,0.00545774,0.00731115
77.85,0.0108119,0.0146609,0.0124205,0.00540151,0.00724172
77.9,0.0107112,0.0145135,0.0123003,0.00534572,0.00717273
77.95,0.0106112,0.0143671,0.0121808,0.00529037,0.00710419
78,0.0105118,0.0142219,0.0120622,0.00523545,0.0070361
78.05,0.010413,0.0140777,0.0119443,0.00518097,0.00696845
78.1,0.0103148,0.0139345,0.0118273,0.00512691,0.00690124
78.15,0.0102172,0.0137924,0.011711,0.00507328,0.00683447
78.2,0.0101202,0.0136514,0.0115955,0.00502008,0.00676813
78.25,0.0100237,0.0135114,0.0114808,0.00496729,0.00670223
78.3,0.00992792,0.0133724,0.0113669,0.00491492,0.00663676
78.35,0.00983268,0.0132344,0.0112537,0.00486297,0.00657172
78.4,0.00973803,0.0130975,0.0111413,0.00481142,0.0065071
78.45,0.00964397,0.0129616,0.0110297,0.00476029,0.00644292
78.5,0.00955048,0.0128267,0.0109189,0.00470956,0.00637915
78.55,0.00945758,0.0126928,0.0108088,0.00465923,0.00631581
78.6,0.00936526,0.0125599,0.0106994,0.00460931,0.00625289
78.65,0.00927351,0.0124279,0.0105908,0.00455978,0.00619038
78.7,0.00918234,0.012297,0.010483,0.00451064,0.0061283
78.75,0.00909174,0.012167,0.0103759,0.0044619,0.00606662
78.8,0.00900171,0.0120381,0.0102695,0.00441355,0.00600536
78.85,0.00891225,0.01191,0.0101639,0.00436558,0.00594451
78.9,0.00882335,0.011783,0.010059,0.00431799,0.00588406
78.95,0.00873501,0.0116569,0.00995483,0.00427079,0.00582402
79,0.00864724,0.0115318,0.00985138,0.00422396,0.00576439
79.05,0.00856002,0.0114076,0.00974866,0.00417751,0.00570515
79.1,0.00847336,0.0112843,0.00964666,0.00413144,0.00564632
79.15,0.00838726,0.011162,0.00954537,0.00408573,0.00558789
79.2,0.0083017,0.0110406,0.00944479,0.00404039,0.00552985
79.25,0.0082167,0.0109201,0.00934492,0.00399542,0.0054722
79.3,0.00813224,0.0108005,0.00924575,0.00395081,0.00541495
79.35,0.00804834,0.0106819,0.00914728,0.00390656,0.00535809
79.4,0.00796497,0.0105642,0.00904951,0.00386267,0.00530162
79.45,0.00788215,0.0104473,0.00895243,0.00381913,0.00524554
79.5,0.00779986,0.0103314,0.00885604,0.00377595,0.00518984
79.55,0.00771812,0.0102163,0.00876034,0.00373311,0.00513453
79.6,0.0076369,0.0101022,0.00866532,0.00369063,0.00507959
79.65,0.00755623,0.00998889,0.00857098,0.00364849,0.00502504
79.7,0.00747608,0.00987648,0.00847731,0.00360669,0.00497087
79.75,0.00739646,0.00976495,0.00838432,0.00356524,0.00491707
79.8,0.00731737,0.00965427,0.008292,0.00352412,0.00486364
79.85,0.00723881,0.00954446,0.00820034,0.00348334,0.00481059
79.9,0.00716077,0.00943551,0.00810935,0.0034429,0.00475791
79.95,0.00708325,0.0093274,0.00801901,0.00340278,0.0047056
80,0.00700624,0.00922014,0.00792934,0.003363,0.00465366
80.05,0.00692976,0.00911372,0.00784031,0.00332354,0.00460209
80.1,0.00685379,0.00900813,0.00775194,0.00328441,0.00455088
80.15,0.00677834,0.00890338,0.00766421,0.0032456,0.00450003
80.2,0.00670339,0.00879945,0.00757712,0.00320711,0.00444954
80.25,0.00662896,0.00869634,0.00749068,0.00316894,0.00439941
80.3,0.00655503,0.00859405,0.00740487,0.00313109,0.00434964
80.35,0.00648161,0.00849256,0.00731969,0.00309355,0.00430023
80.4,0.00640869,0.00839189,0.00723515,0.00305632,0.00425117
80.45,0.00633627,0.00829201,0.00715124,0.00301941,0.00420246
80.5,0.00626435,0.00819293,0.00706794,0.0029828,0.00415411
80.55,0.00619293,0.00809465,0.00698528,0.0029465,0.0041061
80.6,0.00612201,0.00799715,0.00690322,0.0029105,0.00405844
80.65,0.00605158,0.00790044,0.00682179,0.0028748,0.00401113
80.7,0.00598164,0.0078045,0.00674097,0.00283941,0.00396417
80.75,0.00591219,0.00770934,0.00666075,0.00280431,0.00391755
80.8,0.00584323,0.00761495,0.00658115,0.00276951,0.00387126
80.85,0.00577476,0.00752132,0.00650215,0.002735,0.00382532
80.9,0.00570677,0.00742845,0.00642375,0.00270078,0.00377972
80.95,0.00563927,0.00733634,0.00634594,0.00266686,0.00373446
81,0.00557225,0.00724498,0.00626873,0.00263322,0.00368953
81.05,0.0055057,0.00715437,0.00619212,0.00259987,0.00364494
81.1,0.00543963,0.00706451,0.00611609,0.0025668,0.00360068
81.15,0.00537404,0.00697538,0.00604065,0.00253401,0.00355675
81.2,0.00530893,0.00688698,0.00596579,0.00250151,0.00351315
81.25,0.00524428,0.00679932,0.00589152,0.00246929,0.00346987
81.3,0.00518011,0.00671238,0.00581782,0.00243734,0.00342693
81.35,0.0051164,0.00662617,0.0057447,0.00240567,0.00338431
81.4,0.00505316,0.00654067,0.00567215,0.00237427,0.00334202
81.45,0.00499039,0.00645589,0.00560017,0.00234314,0.00330004
81.5,0.00492808,0.00637182,0.00552876,0.00231229,0.00325839
81.55,0.00486623,0.00628845,0.00545791,0.0022817,0.00321706
81.6,0.00480484,0.00620579,0.00538762,0.00225138,0.00317605
81.65,0.00474391,0.00612382,0.00531789,0.00222132,0.00313536
81.7,0.00468344,0.00604255,0.00524872,0.00219153,0.00309498
81.75,0.00462342,0.00596197,0.00518011,0.002162,0.00305491
81.8,0.00456385,0.00588207,0.00511204,0.00213273,0.00301516
81.85,0.00450474,0.00580286,0.00504453,0.00210372,0.00297572
81.9,0.00444608,0.00572432,0.00497756,0.00207496,0.00293659
81.95,0.00438786,0.00564646,0.00491113,0.00204646,0.00289777
82,0.00433009,0.00556928,0.00484525,0.00201821,0.00285926
82.05,0.00427277,0.00549275,0.0047799,0.00199022,0.00282105
82.1,0.00421589,0.0054169,0.00471509,0.00196247,0.00278315
82.15,0.00415946,0.0053417,0.00465081,0.00193497,0.00274555
82.2,0.00410346,0.00526716,0.00458707,0.00190773,0.00270826
82.25,0.0040479,0.00519327,0.00452385,0.00188072,0.00267126
82.3,0.00399278,0.00512003,0.00446116,0.00185396,0.00263457
82.35,0.0039381,0.00504744,0.004399,0.00182745,0.00259817
82.4,0.00388385,0.00497548,0.00433735,0.00180117,0.00256208
82.45,0.00383003,0.00490417,0.00427623,0.00177514,0.00252628
82.5,0.00377665,0.00483349,0.00421562,0.00174934,0.00249077
82.55,0.00372369,0.00476345,0.00415553,0.00172378,0.00245556
82.6,0.00367116,0.00469403,0.00409595,0.00169846,0.00242064
82.65,0.00361906,0.00462523,0.00403688,0.00167337,0.00238602
82.7,0.00356738,0.00455706,0.00397831,0.00164851,0.00235168
82.75,0.00351613,0.00448951,0.00392026,0.00162388,0.00231763
82.8,0.0034653,0.00442257,0.0038627,0.00159949,0.00228387
82.85,0.00341489,0.00435624,0.00380565,0.00157532,0.0022504
82.9,0.0033649,0.00429052,0.0037491,0.00155138,0.00221721
82.95,0.00331533,0.00422541,0.00369304,0.00152766,0.00218431
83,0.00326617,0.00416089,0.00363748,0.00150417,0.00215169
83.05,0.00321743,0.00409698,0.00358241,0.00148091,0.00211936
83.1,0.00316911,0.00403366,0.00352783,0.00145786,0.0020873
83.15,0.00312119,0.00397094,0.00347373,0.00143504,0.00205553
83.2,0.00307369,0.0039088,0.00342013,0.00141243,0.00202403
83.25,0.0030266,0.00384725,0.00336701,0.00139005,0.00199281
83.3,0.00297991,0.00378628,0.00331437,0.00136788,0.00196187
83.35,0.00293363,0.0037259,0.00326221,0.00134592,0.00193121
83.4,0.00288776,0.00366609,0.00321052,0.00132418,0.00190082
83.45,0.00284229,0.00360685,0.00315932,0.00130266,0.0018707
83.5,0.00279722,0.00354819,0.00310858,0.00128134,0.00184086
83.55,0.00275256,0.0034901,0.00305832,0.00126024,0.00181129
83.6,0.00270829,0.00343257,0.00300853,0.00123934,0.00178199
83.65,0.00266443,0.0033756,0.00295921,0.00121866,0.00175296
83.7,0.00262096,0.0033192,0.00291035,0.00119818,0.0017242
83.75,0.00257789,0.00326335,0.00286196,0.00117791,0.0016957
83.8,0.00253521,0.00320805,0.00281403,0.00115784,0.00166747
83.85,0.00249293,0.00315331,0.00276655,0.00113798,0.00163951
83.9,0.00245104,0.00309912,0.00271954,0.00111832,0.00161181
83.95,0.00240954,0.00304547,0.00267299,0.00109886,0.00158438
84,0.00236844,0.00299237,0.00262688,0.0010796,0.00155721
84.05,0.00232772,0.00293981,0.00258124,0.00106055,0.0015303
84.1,0.00228739,0.00288778,0.00253604,0.00104169,0.00150365
84.15,0.00224744,0.0028363,0.00249129,0.00102303,0.00147727
84.2,0.00220788,0.00278534,0.00244699,0.00100456,0.00145114
84.25,0.00216871,0.00273492,0.00240313,0.000986293,0.00142527
84.3,0.00212992,0.00268502,0.00235972,0.000968218,0.00139965
84.35,0.00209151,0.00263566,0.00231676,0.000950336,0.0013743
84.4,0.00205348,0.00258681,0.00227423,0.000932648,0.0013492
84.45,0.00201583,0.00253849,0.00223214,0.00091515,0.00132435
84.5,0.00197856,0.00249068,0.00219049,0.000897844,0.00129976
84.55,0.00194167,0.00244339,0.00214927,0.000880727,0.00127542
84.6,0.00190515,0.00239661,0.00210849,0.000863798,0.00125133
84.65,0.00186901,0.00235035,0.00206814,0.000847058,0.0012275
84.7,0.00183324,0.00230459,0.00202822,0.000830504,0.00120391
84.75,0.00179785,0.00225934,0.00198874,0.000814136,0.00118058
84.8,0.00176283,0.0022146,0.00194967,0.000797953,0.00115749
84.85,0.00172818,0.00217036,0.00191104,0.000781954,0.00113465
84.9,0.00169389,0.00212662,0.00187283,0.000766138,0.00111206
84.95,0.00165998,0.00208338,0.00183504,0.000750505,0.00108972
85,0.00162644,0.00204063,0.00179768,0.000735053,0.00106762
85.05,0.00159326,0.00199837,0.00176073,0.000719782,0.00104576
85.1,0.00156045,0.00195661,0.0017242,0.000704691,0.00102416
85.15,0.001528,0.00191534,0.00168809,0.000689779,0.00100279
85.2,0.00149592,0.00187456,0.0016524,0.000675044,0.000981665
85.25,0.0014642,0.00183426,0.00161712,0.000660487,0.000960783
85.3,0.00143285,0.00179444,0.00158225,0.000646107,0.000940143
85.35,0.00140185,0.00175511,0.0015478,0.000631903,0.000919743
85.4,0.00137121,0.00171625,0.00151375,0.000617873,0.000899582
85.45,0.00134094,0.00167787,0.00148011,0.000604018,0.000879661
85.5,0.00131102,0.00163997,0.00144688,0.000590336,0.000859978
85.55,0.00128146,0.00160254,0.00141406,0.000576826,0.000840533
85.6,0.00125225,0.00156559,0.00138164,0.000563489,0.000821324
85.65,0.00122341,0.0015291,0.00134963,0.000550323,0.000802353
85.7,0.00119491,0.00149308,0.00131802,0.000537327,0.000783616
85.75,0.00116677,0.00145753,0.0012868,0.000524501,0.000765115
85.8,0.00113898,0.00142245,0.00125599,0.000511844,0.000746848
85.85,0.00111155,0.00138782,0.00122558,0.000499356,0.000728815
85.9,0.00108447,0.00135366,0.00119556,0.000487035,0.000711015
85.95,0.00105773,0.00131996,0.00116594,0.000474882,0.000693447
86,0.00103135,0.00128671,0.00113672,0.000462894,0.000676111
86.05,0.00100532,0.00125392,0.00110788,0.000451073,0.000659006
86.1,0.00097963,0.00122158,0.00107944,0.000439416,0.000642132
86.15,0.000954291,0.0011897,0.0010514,0.000427924,0.000625488
86.2,0.000929299,0.00115827,0.00102374,0.000416596,0.000609074
86.25,0.000904653,0.00112729,0.00099647,0.00040543,0.000592888
86.3,0.000880351,0.00109675,0.000969589,0.000394428,0.000576931
86.35,0.000856394,0.00106667,0.000943095,0.000383587,0.000561201
86.4,0.000832781,0.00103702,0.000916987,0.000372908,0.000545699
86.45,0.00080951,0.00100783,0.000891264,0.000362389,0.000530423
86.5,0.000786581,0.000979069,0.000865924,0.000352031,0.000515373
86.55,0.000763994,0.000950753,0.000840968,0.000341832,0.000500549
86.6,0.000741748,0.000922876,0.000816393,0.000331793,0.00048595
86.65,0.000719841,0.000895437,0.000792198,0.000321912,0.000471575
86.7,0.000698274,0.000868434,0.000768384,0.000312189,0.000457425
86.75,0.000677046,0.000841867,0.000744948,0.000302623,0.000443498
86.8,0.000656155,0.000815733,0.00072189,0.000293215,0.000429794
86.85,0.000635602,0.000790031,0.000699209,0.000283962,0.000416312
86.9,0.000615386,0.000764761,0.000676904,0.000274866,0.000403053
86.95,0.000595506,0.00073992,0.000654975,0.000265925,0.000390015
87,0.000575962,0.000715508,0.000633419,0.00025714,0.000377199
87.05,0.000556752,0.000691523,0.000612237,0.000248508,0.000364603
87.1,0.000537877,0.000667965,0.000591427,0.000240031,0.000352227
87.15,0.000519335,0.000644831,0.000570989,0.000231707,0.000340071
87.2,0.000501127,0.000622122,0.000550921,0.000223536,0.000328135
87.25,0.000483251,0.000599835,0.000531224,0.000215518,0.000316417
87.3,0.000465707,0.000577969,0.000511896,0.000207652,0.000304918
87.35,0.000448495,0.000556524,0.000492936,0.000199938,0.000293637
87.4,0.000431614,0.000535499,0.000474344,0.000192376,0.000282574
87.45,0.000415063,0.000514891,0.000456119,0.000184964,0.000271729
87.5,0.000398842,0.000494701,0.00043826,0.000177703,0.0002611
87.55,0.00038295,0.000474927,0.000420766,0.000170591,0.000250688
87.6,0.000367388,0.000455569,0.000403638,0.00016363,0.000240492
87.65,0.000352154,0.000436625,0.000386873,0.000156818,0.000230511
87.7,0.000337248,0.000418094,0.000370471,0.000150155,0.000220747
87.75,0.000322669,0.000399975,0.000354432,0.000143641,0.000211197
87.8,0.000308418,0.000382268,0.000338756,0.000137275,0.000201863
87.85,0.000294493,0.000364972,0.00032344,0.000131057,0.000192743
87.9,0.000280894,0.000348085,0.000308486,0.000124987,0.000183837
87.95,0.000267621,0.000331607,0.000293891,0.000119064,0.000175145
88,0.000254673,0.000315538,0.000279656,0.000113288,0.000166666
88.05,0.000242051,0.000299875,0.00026578,0.000107658,0.000158401
88.1,0.000229753,0.000284619,0.000252263,0.000102175,0.000150348
88.15,0.000217779,0.000269769,0.000239103,9.68383e-05,0.000142509
88.2,0.000206129,0.000255324,0.000226301,9.16471e-05,0.000134881
88.25,0.000194802,0.000241282,0.000213855,8.66013e-05,0.000127466
88.3,0.000183798,0.000227645,0.000201766,8.17008e-05,0.000120263
88.35,0.000173117,0.00021441,0.000190033,7.69452e-05,0.000113271
88.4,0.000162759,0.000201577,0.000178655,7.23343e-05,0.000106491
88.45,0.000152722,0.000189146,0.000167632,6.78678e-05,9.99214e-05
88.5,0.000143007,0.000177116,0.000156963,6.35456e-05,9.3563e-05
88.55,0.000133614,0.000165486,0.000146648,5.93673e-05,8.74152e-05
88.6,0.000124542,0.000154256,0.000136687,5.53328e-05,8.14779e-05
88.65,0.000115791,0.000143424,0.000127079,5.14417e-05,7.57508e-05
88.7,0.00010736,0.000132992,0.000117824,4.7694e-05,7.02337e-05
88.75,9.92499e-05,0.000122957,0.000108921,4.40894e-05,6.49265e-05
88.8,9.14596e-05,0.00011332,0.00010037,4.06277e-05,5.98289e-05
88.85,8.39893e-05,0.00010408,9.2171e-05,3.73088e-05,5.49407e-05
88.9,7.68385e-05,9.5237e-05,8.43232e-05,3.41324e-05,5.02618e-05
88.95,7.00071e-05,8.67898e-05,7.68265e-05,3.10983e-05,4.5792e-05
89,6.34949e-05,7.87383e-05,6.96805e-05,2.82065e-05,4.15312e-05
